nombreE,rating
PlateUp! (PC) Steam Key GLOBAL,5.00
Ultimate Marvel vs. Capcom 3 Steam Clave GLOBAL,4.52
Street Fighter V (Champion Edition) Steam Key GLOBAL,4.64
Total War: Warhammer Steam Key GLOBAL,4.33
Saints Row IV: Game of the Century Edition Steam Key GLOBAL,4.62
Dragon Ball Z: Kakarot (Deluxe Edition) Steam Key GLOBAL,4.84
Tribes of Midgard - Deluxe Edition Steam Key GLOBAL,4.72
Dying Light: Definitive Edition (PC) Steam Key GLOBAL,3.83
Outer Wilds (PC) Steam Key GLOBAL,4.73
The Ascent Código de Steam GLOBAL,4.08
Necromunda: Hired Gun Código de Steam GLOBAL,3.89
Resident Evil 7 - Biohazard (Gold Edition) Steam Key GLOBAL,4.79
Devil May Cry 5 and Playable Character: Vergil (DLC) (PC) Steam Key GLOBAL,4.41
DOOM VFR [VR] Steam Key GLOBAL,4.55
"Warhammer 40,000: Space Marine - Anniversary Edition (PC) Steam Key GLOBAL",5.00
Dead Rising Steam Key GLOBAL,4.35
Ultra Street Fighter IV Steam Key GLOBAL,4.30
TEKKEN 7 - Definitive Edition (PC) Steam Key GLOBAL,4.06
EARTH DEFENSE FORCE 5 Steam Key GLOBAL,5.00
Hotline Miami 2: Wrong Number Digital Special Edition Steam Key GLOBAL,4.82
DMC: Devil May Cry Steam Key GLOBAL,4.45
VTOL VR Steam Key GLOBAL,5.00
Gunfire Reborn Steam Key GLOBAL,4.43
Warhammer: Vermintide 2 - Collector's Edition Steam Key GLOBAL,4.41
Dead Rising 3 (Apocalypse Edition) (uncut) Steam Key GLOBAL,4.50
Resident Evil: Revelations Steam Key GLOBAL,4.74
Guilty Gear XX Accent Core Plus R Steam Key GLOBAL,4.87
Chivalry 2 Steam Key GLOBAL,4.14
Dead Island (Definitive Collection) Steam Key GLOBAL,4.66
Ultimate Chicken Horse Código de Steam GLOBAL,4.55
FEAR - Ultimate Shooter Edition Steam Key GLOBAL,4.78
Call of Duty: Black Ops (MAC OS) Código de Steam GLOBAL,4.03
Saints Row The Third Remastered Steam Key GLOBAL,4.50
The Typing of The Dead: Overkill Collection Steam Key GLOBAL,4.71
Shadow of the Tomb Raider (Definitive Edition) Steam Key GLOBAL,4.69
Resident Evil 5 (Gold Edition) Steam Key GLOBAL,4.63
Remnant: From the Ashes Steam Key GLOBAL,4.42
Exanima (PC) Steam Key GLOBAL,4.44
Neon White (PC) Steam Key GLOBAL,4.92
Saints Row 2 Steam Key GLOBAL,4.26
QUAKE COLLECTION (PC) Steam Key GLOBAL,4.89
Bayonetta Steam Key GLOBAL,4.92
The Elder Scrolls IV: Oblivion (GOTY) (Deluxe Edition) Steam Key GLOBAL,4.56
Yakuza 0 Steam Key GLOBAL,4.80
Sword Art Online: Hollow Realization (Deluxe Edition) Steam Key GLOBAL,4.38
Aliens vs. Predator Collection Steam Key GLOBAL,4.28
Final Fantasy XV (Windows Edition) Steam Key GLOBAL,4.48
Duke Nukem Forever Steam Key GLOBAL,3.94
Total War: THREE KINGDOMS - Royal Edition Código de Steam GLOBAL,4.31
Fallout 76 Steam Key GLOBAL,4.25
Kingdom Come: Deliverance Royal Edition Código de Steam GLOBAL,4.68
Borderlands: The Handsome Collection Clave Steam GLOBAL,4.85
Ghostbusters: The Video Game Remastered (PC) Steam Key GLOBAL,4.50
One Piece: World Seeker Steam Key GLOBAL,4.21
Prey Steam Key GLOBAL,4.18
Borderlands 3 Steam Key GLOBAL,4.39
Code Vein (Deluxe Edition) Steam Key GLOBAL,4.64
Rising Storm 2: Vietnam Clave Steam GLOBAL,4.40
Last Oasis Steam Key GLOBAL,4.15
Gears 5 (PC) Steam Key GLOBAL,4.60
Resident Evil 2 / Biohazard RE:2 (Deluxe Edition) Steam Key GLOBAL,4.93
SUPERHOT Steam Clave GLOBAL,4.48
The Elder Scrolls III: Morrowind (GOTY) Steam Key GLOBAL,4.55
The Long Dark Steam Key GLOBAL,4.48
Skullgirls 2nd Encore (PC) Steam Key GLOBAL,4.63
Contractors [VR] Steam Key GLOBAL,3.30
Mortal Kombat (Komplete Edition) Steam Key GLOBAL,3.95
EARTH DEFENSE FORCE 4.1 The Shadow of New Despair Steam Key GLOBAL,4.67
Nier: Automata Steam Key GLOBAL,4.79
Project Wingman Steam Key GLOBAL,4.76
Katana Zero Steam Key GLOBAL,4.70
Fallout New Vegas Steam Key GLOBAL,4.61
Celeste Steam Key GLOBAL,4.69
SUPERHOT [VR] Steam Key GLOBAL,4.41
