Nombre:Adele: Following the Signs,Popularidad:Escasa,"Valoración:7,5","También para:Mac, Linux",Desarrollador:Unosquare,"Género:Acción, Plataformas, Acción táctica (Terror)",Jugadores:1,Lanzamiento:2 de junio de 2016
Nombre:Divided We Fall,Popularidad:Escasa,Valoración:10,"También para:Mac, Linux",Desarrollador:KAVA Game Studio,"Género:Acción, Acción táctica (Bélico)",Jugadores:15-30 (Competitivo: Sí),Lanzamiento:2017 (Por determinar)
Nombre:The Elder Scrolls: Arena,Popularidad:Escasa,"Valoración:8,7",Desarrollador:Bethesda Softworks,"Género:Rol, Acción RPG (Fantasía)",Lanzamiento:19 de mayo de 1994
Nombre:A Rat's Quest - The Way Back Home,Popularidad:Escasa,"Valoración:4,5","También para:PS4, Xbox One, Nintendo Switch",Desarrollador:The Dreamerians,"Género:Acción, Acción y aventura (Animales, Ratones y Fantasía)",Jugadores:1,Lanzamiento:2021 (Por determinar)
Nombre:C-RUSH,Popularidad:Escasa,"Valoración:5,7",Desarrollador:Robot Entertainment,"Género:Acción, Shoot'Em Up",Lanzamiento:Por determinar en España
Nombre:Call of Duty: Devil's Brigade,Popularidad:Escasa,"Valoración:8,8","También para:PS3, Xbox 360",Desarrollador:Sledgehammer Games,"Género:Acción, Primera persona (FPS)",Lanzamiento:Cancelado
Nombre:Kentucky Route Zero - Act 2,Popularidad:Escasa,"Valoración:9,0",También para:Mac,Desarrollador:Cardboard Box Entertainment,Género:Aventura (Misterio),Jugadores:1,Lanzamiento:31 de mayo de 2013
Nombre:Galaxy Control,Popularidad:Escasa,"Valoración:7,2","También para:Mac, Android, iOS",Desarrollador:FX Games Media,"Género:Estrategia, Tiempo real (Ciencia ficción)",Jugadores:Multijugador masivo,Lanzamiento:10 de agosto de 2016 (Pegi: +12)
Nombre:Luminous Engine,Popularidad:Escasa,"Valoración:9,2","También para:PS4, Xbox One",Desarrollador:Square Enix,"Género:Otros, Motor gráfico",Lanzamiento:Por determinar en España
Nombre:Underworld Ascendant,Popularidad:Escasa,"Valoración:7,5","También para:PS4, Xbox One, Nintendo Switch",Desarrollador:OtherSide Entertainment,"Género:Rol, Acción RPG (Fantasía, Mazmorras y Magia)",Jugadores:1,Lanzamiento:15 de noviembre de 2018
Nombre:Graven: The Purple Moon Prophecy,Popularidad:Escasa,"Valoración:5,0",Desarrollador:Orchid Games,Género:Aventura (Misterio),Jugadores:1,Lanzamiento:29 de septiembre de 2016
Nombre:Darwinia,Popularidad:Escasa,"Valoración:6,7",Desarrollador:Introversion,"Género:Acción, Acción y aventura, Shooter (Ciencia ficción)",Lanzamiento:12 de mayo de 2005 (Pegi: +3)
Nombre:Qora,Popularidad:Escasa,"Valoración:8,1",También para:Mac,"Desarrollador:Holden Boyles, Ciprian Stanciu","Género:Aventura, Walking simulator (Fantasía)",Jugadores:1,Lanzamiento:25 de septiembre de 2014
Nombre:The Typing of the Dead,Popularidad:Escasa,"Valoración:5,1",Desarrollador:Overkill Software,Género:Acción,Lanzamiento:29 de octubre de 2013 (Pegi: +18)
Nombre:Tribes: MMO,Popularidad:Escasa,"Valoración:7,7",Desarrollador:Hi-Rez Studios,"Género:, Sin cuotas",Lanzamiento:Por determinar en España
Nombre:Mushroom Men: Truffle Trouble,Popularidad:Escasa,"Valoración:9,4",Desarrollador:Red Fly Studio,"Género:Otros, Plataformas, Puzle (Fantasía)",Lanzamiento:10 de marzo de 2015
Nombre:Gobliiins 2,Popularidad:Escasa,Valoración:10,"También para:iOS, Amiga, Atari ST",Desarrollador:Coktel,Género:Aventura (Fantasía y Humor),Jugadores:1,Lanzamiento:25 de septiembre de 1992
Nombre:Vector,Popularidad:Escasa,"Valoración:8,8","También para:Android, iOS",Desarrollador:Nekki,"Género:Acción, Plataformas (Moderno)",Jugadores:1,Lanzamiento:4 de diciembre de 2013
Nombre:Crookz - The Big Heist,Popularidad:Escasa,"Valoración:8,3","También para:Mac, Linux",Desarrollador:Skilltree Studios,"Género:Estrategia, Tiempo real (Moderno)",Jugadores:1,Lanzamiento:25 de agosto de 2015 (Pegi: +16)
Nombre:Chasing Dead,Popularidad:Escasa,"Valoración:7,4","También para:PS4, Wii U, Mac, Linux",Desarrollador:2020 Venture,"Género:Acción, Primera persona (FPS), Acción y aventura (Terror)",Jugadores:1,Lanzamiento:Marzo de 2015 (Pegi: +16)
Nombre:Reassembly,Popularidad:Escasa,"Valoración:7,8","También para:Mac, Linux",Desarrollador:Anisoptera Games,"Género:Acción, Shoot'Em Up (Ciencia ficción)",Jugadores:1,Lanzamiento:19 de febrero de 2015
Nombre:Servo,Popularidad:Escasa,Valoración: ,También para:Mac,Desarrollador:BonusXP,"Género:Estrategia, Tiempo real (Ciencia ficción)",Jugadores:1-2 (Competitivo: Sí / Cooperativo: 2),Lanzamiento:Por determinar en España
Nombre:One Troll Army,Popularidad:Escasa,Valoración: ,Desarrollador:FlyAnvil,"Género:Estrategia, Tiempo real (Fantasía)",Jugadores:1-2 (Competitivo: Online),Lanzamiento:20 de mayo de 2016
Nombre:Evil Defenders,Popularidad:Escasa,"Valoración:4,5","También para:Mac, Android, iOS",Desarrollador:Crazy Panda Games,"Género:Estrategia, Tiempo real (Fantasía)",Jugadores:1,Lanzamiento:11 de noviembre de 2015 (Pegi: +7)
Nombre:Mekazoo,Popularidad:Escasa,"Valoración:9,5","También para:PS4, Xbox One, Wii U, Mac, Linux",Desarrollador:The good mood creators,"Género:Acción, Plataformas (Fantasía)",Jugadores:1-2 (Cooperativo: Local),Lanzamiento:3º trimestre de 2015
Nombre:Earth Liberation,Popularidad:Escasa,"Valoración:9,7",También para:Mac,Desarrollador:PoRovoz Studios,"Género:Estrategia, Tiempo real",Lanzamiento:31 de mayo de 2017
Nombre:NeuroVoider,Popularidad:Escasa,Valoración: ,"También para:PS4, Xbox One, Vita, Mac, Linux",Desarrollador:Flying Oak Games,"Género:Acción, Shooter (Ciencia ficción)",Jugadores:1-4,Lanzamiento:31 de agosto de 2016
Nombre:Myst III: Exile,Popularidad:Escasa,"Valoración:7,5","También para:PS2, Mac, XBOX",Desarrollador:Presto Studios,Género:Aventura (Fantasía),Lanzamiento:6 de septiembre de 2001 (Pegi: +3)
Nombre:Infinity Runner,Popularidad:Escasa,"Valoración:5,8","También para:PS4, Xbox One, Wii U, Mac, Linux",Desarrollador:Wales Interactive,"Género:Acción, Primera persona (FPS) (Ciencia ficción)",Lanzamiento:2 de junio de 2014
Nombre:The 7th Guest,Popularidad:Escasa,"Valoración:8,8","También para:Mac, Linux, iOS",Desarrollador:Trilobyte Software,"Género:Otros, Puzle (Misterio)",Lanzamiento:15 de octubre de 1993
Nombre:Code of Princess,Popularidad:Escasa,"Valoración:9,5","También para:Nintendo Switch, 3DS",Desarrollador:Agashima Entertainment,"Género:Acción, Acción y aventura, Hack and Slash (Fantasía)",Jugadores:1-4 (Competitivo: 2-4 / Cooperativo: 2-4 (Online y Local)),Lanzamiento:14 de abril de 2016 (Pegi: +12)
Nombre:Inago Rage,Popularidad:Escasa,"Valoración:6,4",Desarrollador:Robot Entertainment,"Género:Acción, Primera persona (FPS), Shooter (Ciencia ficción)",Lanzamiento:Por determinar en España
Nombre:Strike Suit Infinity,Popularidad:Escasa,"Valoración:7,2",Desarrollador:Born Ready Games,"Género:Acción, Shoot'Em Up (Ciencia ficción)",Jugadores:1,Lanzamiento:30 de abril de 2013 (Pegi: +12)
Nombre:Tryst,Popularidad:Escasa,"Valoración:5,0",También para:Mac,Desarrollador:BlueGiant Interactive,"Género:Estrategia, Tiempo real (Ciencia ficción)",Lanzamiento:14 de septiembre de 2012
Nombre:Clandestine,Popularidad:Escasa,"Valoración:6,5",Desarrollador:Logic Artists,"Género:Acción, Acción táctica (Moderno)",Lanzamiento:5 de noviembre de 2015
Nombre:SolSeraph,Popularidad:Escasa,"Valoración:9,0","También para:PS4, Xbox One, Nintendo Switch",Desarrollador:ACE Team,"Género:Acción, Acción y aventura, Plataformas (Fantasía)",Jugadores:1,Lanzamiento:10 de julio de 2019 (Pegi: +3)
Nombre:Adam's Venture II: Solomon's Secret,Popularidad:Escasa,"Valoración:6,9",Desarrollador:Vertigo Games,"Género:Acción, Acción y aventura (Cocodrilos y Fantasía)",Jugadores:1,Lanzamiento:Por determinar en España (Pegi: +7)
Nombre:The Repopulation,Popularidad:Escasa,"Valoración:7,7",Desarrollador:AB-TECH,"Género:Rol, Multijugador Online Masivo (Ciencia ficción)",Jugadores:Masivo Online,Lanzamiento:Por determinar en España
Nombre:DOGOS,Popularidad:Escasa,"Valoración:8,7","También para:PS4, Xbox One",Desarrollador:Opqam,"Género:Acción, Shoot'Em Up (Ciencia ficción)",Jugadores:1,Lanzamiento:7 de septiembre de 2016 (Pegi: +7)
Nombre:Magicka: Vietnam,Popularidad:Escasa,"Valoración:7,5",Desarrollador:Arrowhead Game Studios,"Género:Rol, Acción RPG (Fantasía)",Jugadores:1-4 (Cooperativo: 2-4),Lanzamiento:12 de abril de 2011 (Pegi: +16)
Nombre:Rapture Rejects,Popularidad:Escasa,"Valoración:9,6",Desarrollador:Galvanic Games,"Género:Acción, Battle royale (Cómic y Humor)",Jugadores:1-100 (Cooperativo: Online),Lanzamiento:2018 (Por determinar)
Nombre:AR-K,Popularidad:Escasa,"Valoración:6,5","También para:Mac, Android, iOS",Desarrollador:Gato Studio,Género:Aventura (Ciencia ficción),Jugadores:1,Lanzamiento:21 de mayo de 2013
Nombre:Jupiter Hell,Popularidad:Escasa,"Valoración:7,0","También para:Mac, Linux",Desarrollador:ChaosForge,"Género:Acción, Shooter, Acción RPG (Ciencia ficción)",Jugadores:Cooperativo: 1,Lanzamiento:Por determinar en España
Nombre:Star Alliances,Popularidad:Escasa,"Valoración:4,8",Desarrollador:Dark Sky Entertainment,"Género:Estrategia, Tiempo real (Ciencia ficción)",Lanzamiento:Por determinar en España
Nombre:Guilty Gear Xrd: Revelator,Popularidad:Escasa,"Valoración:9,3","También para:PS4, PS3",Desarrollador:Arc System Works,"Género:Acción, Lucha (Manga)","Jugadores:1-2 (Competitivo: Si, local y online)",Lanzamiento:14 de diciembre de 2016 (Pegi: +12)
Nombre:Hexodius,Popularidad:Escasa,"Valoración:6,3",También para:Xbox 360,Desarrollador:Brain Slap Studio,"Género:Acción, Shoot'Em Up",Jugadores:1,Lanzamiento:21 de junio de 2013 (Pegi: +7)
Nombre:The East New World,Popularidad:Escasa,"Valoración:7,0","También para:Mac, Android, iOS",Desarrollador:TEN10 Games,"Género:Acción, Plataformas (Fantasía)",Jugadores:1,Lanzamiento:2016 (Por determinar)
Nombre:Project Blackout,Popularidad:Escasa,"Valoración:8,1",Desarrollador:SG Interactive,"Género:Acción, Primera persona (FPS), Shooter (Moderno)",Lanzamiento:2011 (Por determinar)
Nombre:Mercenary Wars,Popularidad:Escasa,"Valoración:5,6",Desarrollador:NM Productions,"Género:Acción, Primera persona (FPS) (Bélico)",Lanzamiento:Septiembre de 2009
Nombre:Jazzpunk,Popularidad:Escasa,"Valoración:8,8","También para:PS4, Mac, Linux",Desarrollador:Necrophone Games,Género:Aventura (Humor),Jugadores:1,Lanzamiento:7 de febrero de 2014
Nombre:Unclaimed World,Popularidad:Escasa,"Valoración:6,8",Desarrollador:Refactored Games,"Género:Estrategia, Tiempo real (Ciencia ficción)",Jugadores:1,Lanzamiento:4 de octubre de 2016
Nombre:Crush Your Enemies,Popularidad:Escasa,"Valoración:8,0","También para:Android, iOS",Desarrollador:Vile Monarch,"Género:Estrategia, Tiempo real (Humor)",Jugadores:Competitivo: Sí,Lanzamiento:2º trimestre de 2016
Nombre:Super Roman Conquest,Popularidad:Escasa,"Valoración:9,2","También para:Mac, Linux",Desarrollador:SeaCliff Interactive,"Género:Estrategia, Tiempo real (Histórico)",Lanzamiento:Por determinar en España
Nombre:Warhammer 40k Eternal Crusade,Popularidad:Escasa,"Valoración:8,1","Precio:18,98€","También para:PS4, Xbox One",Desarrollador:Behaviour Interactive,"Género:Rol, Multijugador Online Masivo (Ciencia ficción)",Jugadores:Masivo Online,Lanzamiento:23 de septiembre de 2016 (Pegi: +16)
Nombre:Prune,Popularidad:Escasa,Valoración: ,"También para:Android, iOS",Desarrollador:Joel McDonald,"Género:Otros, Música, Minijuegos (Abstracto)",Jugadores:1,Lanzamiento:15 de noviembre de 2015 (Pegi: +3)
Nombre:Kontor,Popularidad:Escasa,"Valoración:9,4",Desarrollador:Robot Entertainment,"Género:Estrategia, Tiempo real (Fantasía)",Jugadores:Masivo Online,Lanzamiento:Por determinar en España
Nombre:Soul Master,Popularidad:Escasa,"Valoración:7,7",Desarrollador:nPluto,"Género:Rol, Tiempo real (Fantasía)",Lanzamiento:Por determinar en España
Nombre:Between Me & The Night,Popularidad:Escasa,"Valoración:8,5",También para:Mac,Desarrollador:RainDance LX,Género:Aventura (Fantasía),Jugadores:1,Lanzamiento:22 de enero de 2016
Nombre:Bang Bang Racing,Popularidad:Escasa,"Valoración:7,8","También para:PS3, Xbox 360, Android",Desarrollador:Digital Reality,"Género:Conducción, Arcade",Lanzamiento:8 de junio de 2012
Nombre:Knite & The Ghost Lights,Popularidad:Escasa,"Valoración:9,2","También para:Wii U, Mac",Desarrollador:Mobot Studios,"Género:Acción, Acción y aventura, Plataformas (Fantasía)",Jugadores:1,Lanzamiento:2014 (Por determinar)
Nombre:Cossacks 2: Battle for Europe,Popularidad:Escasa,"Valoración:7,1",Desarrollador:GSC Game World,"Género:Estrategia, Tiempo real (Histórico)",Lanzamiento:27 de octubre de 2006 (Pegi: +12)
Nombre:Black Talons,Popularidad:Escasa,"Valoración:4,8","También para:Mac, Linux",Desarrollador:Camel 101,"Género:Estrategia, Turnos (Ciencia ficción)",Lanzamiento:Por determinar en España
Nombre:Bunny Bash,Popularidad:Escasa,Valoración: ,"También para:Mac, Linux",Desarrollador:DarkArts Estudios,"Género:Acción, Plataformas, Sin cuotas (Humor)",Jugadores:Multijugador,Lanzamiento:2017 (Por determinar)
Nombre:Breed,Popularidad:Escasa,"Valoración:6,9",Desarrollador:Robot Entertainment,"Género:Acción, Primera persona (FPS), Shooter (Fantasía)",Lanzamiento:Por determinar en España
Nombre:Metal Slug 2,Popularidad:Escasa,"Valoración:5,5","También para:PS4, Xbox One, Nintendo Switch, Android, iOS",Desarrollador:DotEmu,"Género:Acción, Shooter",Jugadores:1,Lanzamiento:15 de abril de 2016 (Pegi: +12)
Nombre:Gunman Taco Truck,Popularidad:Escasa,"Valoración:7,1",Desarrollador:Romero Games,"Género:Conducción, Arcade (Ciencia ficción)",Jugadores:1,Lanzamiento:Junio de 2015
Nombre:Tales of Monkey Island: Episodio 4,Popularidad:Escasa,"Valoración:7,2",También para:Wii,Desarrollador:Telltale Games,Género:Aventura (Humor),Lanzamiento:30 de octubre de 2009
Nombre:Pressure Overdrive,Popularidad:Escasa,"Valoración:9,5","También para:PS4, Xbox One, Mac, Linux",Desarrollador:Chasing Carrots,"Género:Acción, Shooter (Humor)",Jugadores:1-2,Lanzamiento:25 de julio de 2017 (Pegi: +7)
Nombre:Indiana Jones de Bethesda,Popularidad:Escasa,"Valoración:9,2",También para:Xbox Series,Desarrollador:MachineGames,"Género:Acción, Acción y aventura (Fantasía)",Lanzamiento:Por determinar en España
Nombre:Warhammer - Grim & The Grave,Popularidad:Escasa,"Valoración:4,0","También para:Mac, Linux",Desarrollador:Creative Assembly,"Género:Estrategia, Tiempo real, Turnos (Fantasía)","Jugadores:1-8 (Competitivo: Si, online / Cooperativo: Si, online)",Lanzamiento:1 de septiembre de 2016 (Pegi: +16)
Nombre:Nights of Azure,Popularidad:Escasa,"Valoración:9,2",También para:PS4,Desarrollador:Gust Co,"Género:Rol, Acción RPG (Fantasía)",Jugadores:1,Lanzamiento:7 de febrero de 2017 (Pegi: +16)
Nombre:Alganon,Popularidad:Escasa,"Valoración:6,0",Desarrollador:Quest Online,"Género:Rol, Multijugador Online Masivo (Fantasía)",Jugadores:Masivo online,Lanzamiento:Por determinar en España
Nombre:KAAN: Barbarian's Blade,Popularidad:Escasa,"Valoración:6,8",Desarrollador:Robot Entertainment,"Género:Acción, Acción y aventura (Fantasía)",Lanzamiento:28 de mayo de 2003 (Pegi: +12)
Nombre:Next Island,Popularidad:Escasa,"Valoración:5,5",Desarrollador:Gunstar Studio,Género:Aventura (Ciencia ficción),Lanzamiento:Por determinar en España
Nombre:Myth War II,Popularidad:Escasa,"Valoración:5,4",Desarrollador:Unigium,"Género:Rol, Acción RPG (Fantasía)",Lanzamiento:Por determinar en España (Pegi: +7)
Nombre:Namco Museum 50th Anniversary,Popularidad:Escasa,"Valoración:6,4",Desarrollador:Namco,"Género:Otros, Recopilación",Lanzamiento:1º trimestre de 2006
Nombre:Hearthstone: Susurros de los Dioses Antiguos,Popularidad:Escasa,"Valoración:8,4","También para:Mac, Android, iOS",Desarrollador:Blizzard,"Género:Estrategia, Cartas (Fantasía)",Jugadores:1-2 (Competitivo: 2),Lanzamiento:27 de abril de 2016 (Pegi: +7)
Nombre:Mytheon,Popularidad:Escasa,"Valoración:6,5",Desarrollador:Petroglyph,"Género:Rol, Multijugador Online Masivo, Acción RPG (Fantasía)",Lanzamiento:13 de julio de 2011
Nombre:Scarlet Blade,Popularidad:Escasa,"Valoración:8,7",Desarrollador:Aeria Games & Entertainment,"Género:Rol, Multijugador Online Masivo",Jugadores:Masivo Online,Lanzamiento:Por determinar en España
Nombre:Igor,Popularidad:Escasa,"Valoración:5,7","Precio:19,95€","También para:Wii, DS",Desarrollador:Legacy Interactive,"Género:Acción, Acción y aventura (Humor)",Lanzamiento:5 de diciembre de 2008 (Pegi: +3)
Nombre:PAKO: Car Chase Simulator,Popularidad:Escasa,"Valoración:4,0",También para:Mac,Desarrollador:Tree Men Games,"Género:Conducción, Arcade (Moderno)",Jugadores:1-4 (Competitivo: Local),Lanzamiento:10 de enero de 2017
Nombre:Ministry of War,Popularidad:Escasa,"Valoración:8,2",Desarrollador:Snail Games,Género:Estrategia (Histórico),Lanzamiento:Por determinar en España
Nombre:Neuro Hunter,Popularidad:Escasa,"Valoración:6,6",Desarrollador:Mediaart,"Género:Acción, Primera persona (FPS) (Ciencia ficción)",Lanzamiento:2006 (Por determinar) (Pegi: +16)
Nombre:Sam & Max: Season Two,Popularidad:Escasa,"Valoración:5,2","Precio:26,95€","También para:PS3, Xbox 360, Wii",Desarrollador:Telltale Games,Género:Aventura (Humor),Jugadores:1,Lanzamiento:4 de septiembre de 2009 (Pegi: +12)
Nombre:Puzzlegeddon,Popularidad:Escasa,"Valoración:5,4","También para:PS3, Xbox 360",Desarrollador:Pieces Interactive,"Género:Otros, Puzle (Colores)",Jugadores:1-6,Lanzamiento:27 de noviembre de 2008 (Pegi: +3)
Nombre:River City Ransom Underground,Popularidad:Escasa,"Valoración:7,5",Desarrollador:Conatus Interactive,"Género:Acción, Hack and Slash (Moderno)",Jugadores:1,Lanzamiento:Septiembre de 2014
Nombre:Distance,Popularidad:Escasa,"Valoración:9,8","También para:PS4, Mac, Linux",Desarrollador:Refract,"Género:Conducción, Arcade (Ciencia ficción)",Jugadores:1 (Competitivo: Sí),Lanzamiento:2015 (Por determinar)
Nombre:Vane,Popularidad:Escasa,"Valoración:8,9",También para:PS4,Desarrollador:Friend & Foe,"Género:Acción, Acción y aventura (Fantasía)",Jugadores:1,Lanzamiento:2017 (Por determinar)
Nombre:Worms World Party Remastered,Popularidad:Escasa,"Valoración:8,5",Desarrollador:Team 17,"Género:Estrategia, Turnos (Humor)",Lanzamiento:8 de julio de 2015 (Pegi: +12)
Nombre:Monkey Island Special Edition,Popularidad:Escasa,"Valoración:7,9","También para:PS3, Xbox 360, iOS",Desarrollador:LucasArts,"Género:Aventura (Fantasía, Piratas y Humor)",Jugadores:1,Lanzamiento:17 de julio de 2009 (Pegi: +12)
Nombre:Microsoft Flight Simulator,Popularidad:Escasa,"Valoración:8,7","Precio:59,95€89,95€","También para:Xbox Series, Xbox One",Desarrollador:Asobo Studio,"Género:Simulación, Vuelo",Jugadores:1 + Espacio compartido,Lanzamiento:18 de agosto de 2020 (Pegi: +3)
Nombre:Crysis 2: Retaliation,Popularidad:Escasa,"Valoración:9,5","También para:PS3, Xbox 360",Desarrollador:Crytek,Género:Acción,Jugadores:1-12 (Competitivo: 12),Lanzamiento:18 de mayo de 2011 (Pegi: +16)
Nombre:Fight of Gods,Popularidad:Escasa,"Valoración:4,0",Desarrollador:Digital Crafter,"Género:Acción, Lucha (Fantasía)",Jugadores:1 (Multijugador),Lanzamiento:4 de septiembre de 2017Juego con acceso anticipado
Nombre:Metagolf,Popularidad:Escasa,"Valoración:5,5",También para:Mac,Desarrollador:ARm42,"Género:Otros, Golf, Puzle",Lanzamiento:2012 (Por determinar)
Nombre:Grotesque Tactics: Evil Heroes,Popularidad:Escasa,"Valoración:6,9",También para:Wii,Desarrollador:Silent Dreams,"Género:Estrategia, Turnos (Fantasía)",Lanzamiento:Por determinar en España
Nombre:Windward,Popularidad:Escasa,"Valoración:6,7","También para:Mac, Linux",Desarrollador:Tasharen Entertainment Inc.,"Género:Acción, Acción y aventura (Histórico)",Jugadores:1 (Competitivo: Sí / Cooperativo: Sí),Lanzamiento:12 de mayo de 2015
Nombre:Semblance,Popularidad:Escasa,"Valoración:8,5","También para:Nintendo Switch, Mac",Desarrollador:Nyamakop,"Género:Otros, Plataformas, Puzle (Abstracto)",Jugadores:1,Lanzamiento:24 de julio de 2018
Nombre:Doctor Who: Worlds in Time,Popularidad:Escasa,"Valoración:9,1",Desarrollador:Three Rings,"Género:Acción, Acción y aventura, Sin cuotas (Ciencia ficción)",Lanzamiento:Por determinar en España
Nombre:Energy Heroes,Popularidad:Escasa,"Valoración:7,0",Desarrollador:DSC Studio22,"Género:Acción, Shooter, MOBA (Ciencia ficción)",Jugadores:1-6 (Competitivo: 3vs3),Lanzamiento:Por determinar en España
Nombre:Heavy Duty,Popularidad:Escasa,"Valoración:5,7",Desarrollador:Primal Software,"Género:Estrategia, Tiempo real (Ciencia ficción)",Lanzamiento:2008 (Por determinar)
Nombre:Homefront: Fire Sale,Popularidad:Escasa,"Valoración:7,8","También para:PS3, Xbox 360",Desarrollador:Kaos Studios,"Género:Acción, Primera persona (FPS) (Bélico)",Jugadores:1-32 (Competitivo: 2-32),Lanzamiento:14 de julio de 2011 (Pegi: +18)
Nombre:Majesty 2: Kingmaker,Popularidad:Escasa,"Valoración:6,5",Desarrollador:Ino-Co,"Género:Estrategia, Tiempo real (Fantasía)",Jugadores:1-4,Lanzamiento:25 de mayo de 2010 (Pegi: +12)
Nombre:Monstruos contra Alienígenas,Popularidad:Escasa,"Valoración:6,0","Precio:14,95€","También para:PS3, Xbox 360, Wii, DS, PS2",Desarrollador:Activision,"Género:Acción, Plataformas (Ciencia ficción, Aliens y Humor)",Lanzamiento:27 de marzo de 2009 (Pegi: +7)
Nombre:Fleish & Cherry in Crazy Hotel,Popularidad:Escasa,"Valoración:6,5","También para:Mac, Linux",Desarrollador:Gunstar Studio,"Género:Aventura, Puzle (Humor)",Jugadores:1,Lanzamiento:Por determinar en España
Nombre:Beware Planet Earth!,Popularidad:Escasa,"Valoración:8,5",También para:iOS,Desarrollador:Lightmare Studio,"Género:Estrategia, Tiempo real (Humor)",Jugadores:1,Lanzamiento:11 de abril de 2014 (Pegi: +3)
Nombre:Ceres,Popularidad:Escasa,"Valoración:9,5","También para:Mac, Linux",Desarrollador:Jötunn Games,"Género:Estrategia, Tiempo real (Ciencia ficción)",Jugadores:1,Lanzamiento:16 de octubre de 2015
Nombre:Wooden Sen'SeY,Popularidad:Escasa,"Valoración:8,5","También para:Wii U, Mac",Desarrollador:Upper Byte,"Género:Acción, Plataformas (Samurais)",Jugadores:1,Lanzamiento:26 de octubre de 2012
Nombre:EverQuest II Extended,Popularidad:Escasa,"Valoración:8,3",Desarrollador:Sony Online Entertainment,"Género:Rol, Multijugador Online Masivo, Sin cuotas (Fantasía)",Lanzamiento:19 de agosto de 2010 (Pegi: +12)
Nombre:Tale Of A Hero,Popularidad:Escasa,"Valoración:6,8",Desarrollador:Future Games,Género:Aventura (Fantasía),Lanzamiento:6 de febrero de 2009 (Pegi: +12)
Nombre:Exteel,Popularidad:Escasa,"Valoración:6,9",Desarrollador:NCsoft,"Género:Acción, Lucha (Ciencia ficción)",Lanzamiento:Por determinar en España
Nombre:Mass Effect 2: Firepower Pack,Popularidad:Escasa,"Valoración:8,6",También para:Xbox 360,Desarrollador:BioWare,"Género:Rol, Acción RPG (Ciencia ficción y Espacial)",Jugadores:1,Lanzamiento:3 de agosto de 2010 (Pegi: +18)
Nombre:Nantucket,Popularidad:Escasa,"Valoración:9,2",Desarrollador:Picaresque Studio,"Género:Estrategia, Tiempo real (Histórico)",Lanzamiento:Por determinar en España
Nombre:Exodus Wars,Popularidad:Escasa,"Valoración:7,5",También para:Mac,Desarrollador:Membraine Studios,"Género:Estrategia, Tiempo real (Ciencia ficción)",Lanzamiento:Por determinar en España
Nombre:Breach Cancelado,Popularidad:Escasa,Valoración: ,Desarrollador:QC Games,"Género:Rol, Acción RPG (Fantasía)",Jugadores:1-4 (Competitivo: Online / Cooperativo: Online),Lanzamiento:CanceladoJuego con acceso anticipado
Nombre:Insecticide,Popularidad:Escasa,"Valoración:6,4",También para:DS,Desarrollador:Crackpot Entertainment,"Género:Acción, Plataformas",Lanzamiento:1º trimestre de 2008
Nombre:Borderlands 2: Glotón Guajolote,Popularidad:Escasa,"Valoración:6,5","También para:PS3, Xbox 360",Desarrollador:Gearbox,"Género:Acción, Primera persona (FPS), Shooter (Ciencia ficción)",Jugadores:1-4 (Cooperativo: 2-4),Lanzamiento:26 de noviembre de 2013 (Pegi: +18)
Nombre:2112: Revolution,Popularidad:Escasa,"Valoración:6,9",Desarrollador:Emobigames,"Género:Estrategia, Tiempo real (Ciencia ficción)",Jugadores:Masivo online,Lanzamiento:Cancelado
Nombre:Standby,Popularidad:Escasa,Valoración:10,Desarrollador:NoClip,"Género:Acción, Plataformas (Abstracto)",Jugadores:1,Lanzamiento:14 de octubre de 2016
Nombre:Dawngate,Popularidad:Escasa,"Valoración:8,7",Desarrollador:Waystone Games,"Género:Rol, Multijugador Online Masivo",Jugadores:Masivo Online,Lanzamiento:Cancelado
Nombre:Riptide GP: Renegade,Popularidad:Escasa,Valoración: ,"También para:PS4, Xbox One",Desarrollador:Vector Unit,"Género:Conducción, Arcade, Lanchas",Jugadores:1-8 (Competitivo: Local: 2-4 / Online: 2-8),Lanzamiento:26 de julio de 2016 (Pegi: +12)
Nombre:Little Racers Street,Popularidad:Escasa,"Valoración:7,5","También para:Xbox 360, Mac, Linux",Desarrollador:Milkstone Studios,"Género:Conducción, Arcade",Jugadores:1,Lanzamiento:7 de febrero de 2014 (Pegi: +3)
Nombre:Inhabited Island,Popularidad:Escasa,"Valoración:7,5",Desarrollador:Akella,"Género:Estrategia, Turnos (Fantasía)",Lanzamiento:3º cuarto de 2006
Nombre:Van Helsing - Thaumaturge,Popularidad:Escasa,"Valoración:9,5",Desarrollador:Neocore,"Género:Rol, Acción RPG (Fantasía)",Jugadores:1-4 (Cooperativo: 4),Lanzamiento:26 de septiembre de 2013
Nombre:Elements of War,Popularidad:Escasa,"Valoración:6,8",Desarrollador:Lesta Studio,"Género:Estrategia, Tiempo real (Bélico)",Lanzamiento:2011 (Por determinar)
Nombre:Trapped Dead,Popularidad:Escasa,"Valoración:8,3",Desarrollador:HeadUp Games,"Género:Acción, Shooter (Terror)",Lanzamiento:15 de abril de 2011 (Pegi: +18)
Nombre:Sister Location,Popularidad:Escasa,"Valoración:8,5",Desarrollador:Scott Cawthon,"Género:Acción, Acción táctica (Terror)",Lanzamiento:4º trimestre de 2016
Nombre:Officers,Popularidad:Escasa,"Valoración:6,4",Desarrollador:Playlogic,"Género:Estrategia, Tiempo real",Jugadores:1-32,Lanzamiento:1º cuarto de 2008
Nombre:Kohan II: Kings of War,Popularidad:Escasa,"Valoración:6,9",Desarrollador:Robot Entertainment,"Género:Estrategia, Tiempo real (Fantasía)",Lanzamiento:Por determinar en España
Nombre:Super Toy Cars,Popularidad:Escasa,"Valoración:7,3","También para:Nintendo Switch, Wii U",Desarrollador:Eclipse Games,"Género:Conducción, Arcade",Jugadores:1-4,Lanzamiento:6 de junio de 2014 (Pegi: +3)
Nombre:Call of Duty: WaW - Map Pack 1,Popularidad:Escasa,"Valoración:8,9","También para:PS3, Xbox 360",Desarrollador:Treyarch,"Género:Acción, Primera persona (FPS) (Histórico)",Lanzamiento:19 de marzo de 2009 (Pegi: +18)
Nombre:Pirates: Treasure Hunters,Popularidad:Escasa,"Valoración:8,4",También para:PS4,Desarrollador:Virtual Toys,"Género:Rol, Multijugador Online Masivo (Fantasía)",Jugadores:Masivo Online,Lanzamiento:Por determinar en España
Nombre:Neo Steam,Popularidad:Escasa,"Valoración:5,1",Desarrollador:JOYIMPACT,"Género:Rol, Multijugador Online Masivo, Sin cuotas (Fantasía)",Lanzamiento:Abril de 2008
Nombre:Depth: Aquatic Stealth,Popularidad:Escasa,"Valoración:6,0",Desarrollador:Depth Team,"Género:Acción, Acción y aventura (Delfines, Tiburones y Moderno)",Lanzamiento:Por determinar en España
Nombre:Raid Online,Popularidad:Escasa,"Valoración:5,7",Desarrollador:IRATO,"Género:Rol, Multijugador Online Masivo, Acción RPG (Manga)",Jugadores:Masivo online,Lanzamiento:Por determinar en España
Nombre:Star Sentinel Tactics,Popularidad:Escasa,"Valoración:5,5",Desarrollador:Fabulist Games,"Género:Estrategia, Turnos (Fantasía)",Lanzamiento:2010 (Por determinar)
Nombre:Forced,Popularidad:Escasa,"Valoración:8,4","También para:PS4, Xbox One, Mac, Linux",Desarrollador:BetaDwarf,"Género:Rol, Acción RPG (Fantasía)",Lanzamiento:24 de octubre de 2013
Nombre:Navy Force,Popularidad:Escasa,"Valoración:8,0",Desarrollador:Ngames,Género:Estrategia (Histórico),Lanzamiento:Por determinar en España
Nombre:Rusty Lake Hotel,Popularidad:Escasa,"Valoración:7,5",También para:Mac,Desarrollador:Rusty Lake,Género:Aventura (Misterio),Jugadores:1,Lanzamiento:29 de enero de 2016
Nombre:Adventurezator: When Pigs Fly,Popularidad:Escasa,"Valoración:6,3","También para:Mac, Linux",Desarrollador:Pigasus Games,Género:Aventura (Fantasía y Humor),Jugadores:1,Lanzamiento:24 de septiembre de 2015
Nombre:The Grinder,Popularidad:Escasa,"Valoración:7,1","También para:PS3, Xbox 360, Wii",Desarrollador:High Voltage Software,"Género:Acción, Primera persona (FPS) (Terror)",Lanzamiento:2010 (Por determinar)
Nombre:Fenix Rage,Popularidad:Escasa,"Valoración:8,0","También para:PS4, Xbox One",Desarrollador:Green Lava Studios,"Género:Acción, Shooter, Plataformas (Humor)",Jugadores:1-2,Lanzamiento:24 de septiembre de 2014 (Pegi: +7)
Nombre:Shogun: Total War - The Mongol Invasion,Popularidad:Escasa,"Valoración:8,5",Desarrollador:Creative Assembly,"Género:Estrategia, Tiempo real, Turnos (Fantasía)",Lanzamiento:24 de agosto de 2001
Nombre:Act of War: High Treason,Popularidad:Escasa,"Valoración:6,9",Desarrollador:Eugen Systems,"Género:Estrategia, Tiempo real (Bélico)",Lanzamiento:Marzo de 2006 (Pegi: +16)
Nombre:Jagged Alliance: Crossfire,Popularidad:Escasa,"Valoración:8,0",Desarrollador:bitComposer,"Género:Estrategia, Tiempo real (Bélico)",Lanzamiento:2 de agosto de 2012
Nombre:Might and Magic: Raiders,Popularidad:Escasa,"Valoración:7,3",Desarrollador:UbiSoft,"Género:Rol, Acción RPG (Fantasía)",Jugadores:1-4 (Cooperativo: 2-4),Lanzamiento:2013 (Por determinar)
Nombre:EVE Online: Special Edition,Popularidad:Escasa,"Valoración:6,1","Precio:26,95€",Desarrollador:CCP,"Género:Rol, Multijugador Online Masivo (Ciencia ficción)",Jugadores:Masivo online,Lanzamiento:12 de marzo de 2009 (Pegi: +12)
Nombre:Pirates vs Corsairs,Popularidad:Escasa,"Valoración:7,8","También para:Mac, iOS",Desarrollador:Gunstar Studio,Género:Estrategia (Histórico),Lanzamiento:23 de mayo de 2013
Nombre:Duke Nukem 3D: Megaton,Popularidad:Escasa,"Valoración:8,4","También para:PS3, Vita, Mac, Linux",Desarrollador:Abstraction Games,"Género:Acción, Primera persona (FPS) (Ciencia ficción)",Jugadores:1-8,Lanzamiento:20 de marzo de 2013 (Pegi: +18)
Nombre:Dark Eden: Cataclysm,Popularidad:Escasa,Valoración: ,Desarrollador:Softon Entertainment,"Género:Rol, Multijugador Online Masivo",Jugadores:Multijugador masivo,Lanzamiento:29 de noviembre de 2016
Nombre:NHL 06,Popularidad:Escasa,"Valoración:7,0",Desarrollador:EA Canada,"Género:Deportes, Hockey",Lanzamiento:21 de septiembre de 2005 (Pegi: +3)
Nombre:Shogun 2: Sengoku Jidai Unit,Popularidad:Escasa,"Valoración:7,2",Desarrollador:Creative Assembly,"Género:Estrategia, Tiempo real, Turnos (Histórico)",Lanzamiento:28 de julio de 2011 (Pegi: +16)
Nombre:Anarchy Online,Popularidad:Escasa,"Valoración:6,0",Desarrollador:Funcom,"Género:Rol, Multijugador Online Masivo (Ciencia ficción)",Jugadores:Masivo online,Lanzamiento:28 de septiembre de 2001 (Pegi: +12)
Nombre:Memento Mori 2,Popularidad:Escasa,"Valoración:6,4",Desarrollador:Centauri,Género:Aventura (Misterio),Lanzamiento:15 de mayo de 2012
Nombre:Dungeonbowl,Popularidad:Escasa,"Valoración:9,0",Desarrollador:Cyanide,"Género:Deportes, Fútbol americano",Lanzamiento:8 de junio de 2012
Nombre:DUSK-12,Popularidad:Escasa,"Valoración:6,6",Desarrollador:Orion,"Género:Acción, Primera persona (FPS), Shooter",Lanzamiento:22 de agosto de 2014
Nombre:Europa Universalis III: In Nomine,Popularidad:Escasa,"Valoración:8,0",Desarrollador:Paradox Interactive,"Género:Estrategia, Turnos (Histórico)",Lanzamiento:28 de mayo de 2008 (Pegi: +12)
Nombre:Tough Trucks,Popularidad:Escasa,"Valoración:6,0",Desarrollador:Robot Entertainment,"Género:Conducción, Nascar",Lanzamiento:Por determinar en España
Nombre:Camelot Unchained,Popularidad:Escasa,"Valoración:8,9",Desarrollador:City State Entertainment,"Género:, Sin cuotas",Lanzamiento:Por determinar en España
Nombre:House of Caravan,Popularidad:Escasa,"Valoración:8,2","También para:Mac, Linux",Desarrollador:Rosebud Games,Género:Aventura (Terror),Jugadores:1,Lanzamiento:16 de abril de 2015
Nombre:Astronaut: Mars,Popularidad:Escasa,"Valoración:7,0",Desarrollador:Virtual Heroes,"Género:Rol, Multijugador Online Masivo (Ciencia ficción)",Lanzamiento:2010 (Por determinar)
Nombre:Pro Cycling Manager 2014,Popularidad:Escasa,"Valoración:9,1","También para:PS4, PS3, Xbox 360",Desarrollador:Cyanide,Género:Deportes,Lanzamiento:2014 (Por determinar) (Pegi: +3)
Nombre:Dream of Mirror Online,Popularidad:Escasa,"Valoración:6,9","Desarrollador:SOFTSTAR, DOMO Studio","Género:Rol, Sin cuotas, Acción RPG (Fantasía)",Lanzamiento:Septiembre de 2007
Nombre:Eve Online: Empyrean Age,Popularidad:Escasa,"Valoración:6,0",Desarrollador:CCP,"Género:Rol, Multijugador Online Masivo (Ciencia ficción)",Jugadores:Masivo online,Lanzamiento:17 de octubre de 2008
Nombre:Homefront: The Revolution - La Voz de la Libertad,Popularidad:Escasa,"Valoración:6,2","También para:PS4, Xbox One",Desarrollador:Dambuster Studios,"Género:Acción, Primera persona (FPS), Acción y aventura (Ciencia ficción)",Jugadores:1-4 (Cooperativo: 2-4 (Online)),Lanzamiento:28 de septiembre de 2016 (Pegi: +18)
Nombre:Runes of Magic: Capítulo II,Popularidad:Escasa,"Valoración:8,1",Desarrollador:Runewaker,"Género:Rol, Multijugador Online Masivo, Acción RPG, Sin cuotas",Jugadores:Masivo online,Lanzamiento:15 de septiembre de 2009 (Pegi: +12)
Nombre:Space Run,Popularidad:Escasa,"Valoración:7,2","También para:Mac, Linux, iOS",Desarrollador:Passtech Games,"Género:Estrategia, Tiempo real (Ciencia ficción)",Jugadores:1,Lanzamiento:13 de junio de 2014
Nombre:Long Night,Popularidad:Escasa,"Valoración:8,5","También para:PS3, Xbox 360, Mac, Linux",Desarrollador:Trickster Face,Género:Aventura (Terror),Jugadores:1,Lanzamiento:Mayo de 2014
Nombre:ARGO Online,Popularidad:Escasa,"Valoración:9,2",Desarrollador:MGame,"Género:Estrategia, Tiempo real (Ciencia ficción)",Lanzamiento:27 de abril de 2011 (Pegi: +12)
Nombre:Americas Army Proving Grounds,Popularidad:Escasa,"Valoración:6,9",Desarrollador:U.S. Army,"Género:Acción, Primera persona (FPS) (Bélico)",Lanzamiento:19 de agosto de 2013
Nombre:ARGO Online,Popularidad:Escasa,"Valoración:9,2",Desarrollador:MGame,"Género:Estrategia, Tiempo real (Ciencia ficción)",Lanzamiento:27 de abril de 2011 (Pegi: +12)
Nombre:Death's Life,Popularidad:Escasa,"Valoración:4,3",Desarrollador:Umbu Games,"Género:Otros, Puzle (Terror)",Jugadores:1,Lanzamiento:26 de octubre de 2016
Nombre:Aliens en el Ático,Popularidad:Escasa,"Valoración:6,5","También para:Wii, DS, PS2",Desarrollador:Playlogic,"Género:Acción, Acción y aventura (Ciencia ficción y Aliens)",Lanzamiento:2009 (Por determinar) (Pegi: +3)
Nombre:Europa Universalis III Chronicles,Popularidad:Escasa,"Valoración:9,1",Desarrollador:Paradox Interactive,"Género:Estrategia, Turnos (Histórico)",Jugadores:1,Lanzamiento:22 de marzo de 2011 (Pegi: +3)
Nombre:The Guild 2: Venice,Popularidad:Escasa,"Valoración:8,5",Desarrollador:Robot Entertainment,"Género:Estrategia, Tiempo real (Histórico)",Jugadores:1,Lanzamiento:21 de noviembre de 2008 (Pegi: +7)
Nombre:Dragon Age: La Canción de Leliana,Popularidad:Escasa,"Valoración:9,2","También para:PS3, Xbox 360",Desarrollador:BioWare,"Género:Rol, Acción RPG (Fantasía)",Jugadores:1,Lanzamiento:6 de julio de 2010 (Pegi: +18)
Nombre:Titan Online,Popularidad:Escasa,"Valoración:6,0",Desarrollador:Eya Interactive,"Género:Rol, Multijugador Online Masivo, Sin cuotas",Lanzamiento:1º trimestre de 2009
Nombre:Velvet Sundown,Popularidad:Escasa,"Valoración:6,2",También para:Mac,Desarrollador:Tribe Studios,"Género:Rol, Multijugador Online Masivo, Sin cuotas (Moderno)",Lanzamiento:23 de julio de 2014
Nombre:Autumn Dynasty,Popularidad:Escasa,"Valoración:6,5",Desarrollador:University of Singapore,"Género:Estrategia, Tiempo real (Histórico)",Lanzamiento:1 de enero de 2010
Nombre:Ys: The Oath in Felghana,Popularidad:Escasa,"Valoración:7,2",También para:PSP,Desarrollador:Falcom,"Género:Rol, Acción RPG (Fantasía)",Jugadores:1,Lanzamiento:19 de marzo de 2012
Nombre:The Lost Mythologies,Popularidad:Escasa,Valoración: ,Desarrollador:Basaltic studio,"Género:Acción, Acción y aventura, Hack and Slash (Fantasía)",Jugadores:1,Lanzamiento:28 de enero de 2016
Nombre:Hegemony Gold,Popularidad:Escasa,"Valoración:9,2",Desarrollador:Longbow Games,"Género:Estrategia, Tiempo real (Histórico)",Lanzamiento:25 de febrero de 2011
Nombre:EverQuest Secrets of Faydwer,Popularidad:Escasa,"Valoración:6,2",Desarrollador:Sony,"Género:Rol, Multijugador Online Masivo, Con cuotas (Fantasía)",Lanzamiento:2008 (Por determinar)
Nombre:UFO: Afterlight,Popularidad:Escasa,"Valoración:6,5",Desarrollador:ALTAR,"Género:Estrategia, Tiempo real",Lanzamiento:25 de junio de 2007 (Pegi: +12)
Nombre:Fuel Overdose,Popularidad:Escasa,"Valoración:7,3",También para:PS3,Desarrollador:I-Friqiya,"Género:Conducción, Arcade",Jugadores:1-8 (Competitivo: 2-8),Lanzamiento:21 de diciembre de 2012
Nombre:Aphelion: Phoenix Rising,Popularidad:Escasa,"Valoración:5,9",Desarrollador:Wyvern Studios LLC,"Género:Estrategia, Turnos (Ciencia ficción)",Lanzamiento:Por determinar en España
Nombre:theHunter: Call of the Wild,Popularidad:Escasa,"Valoración:8,0","Precio:29,99€48,39€","También para:PS4, Xbox One",Desarrollador:Extent5,"Género:Deportes, Caza / Pesca (Moderno)","Jugadores:1-8 (Competitivo: Sí, Online / Cooperativo: Sí, Online)",Lanzamiento:16 de febrero de 2017 (Pegi: +16)
Nombre:Stalin vs Martians,Popularidad:Escasa,"Valoración:5,6",Desarrollador:Dreamlore Games,"Género:Estrategia, Tiempo real (Humor)",Lanzamiento:2009 (Por determinar)
Nombre:You Are Empty,Popularidad:Escasa,"Valoración:6,2",Desarrollador:Digital Spray Studios,"Género:Acción, Primera persona (FPS), Shooter",Lanzamiento:2007 (Por determinar) (Pegi: +16)
Nombre:Mega Man Online,Popularidad:Escasa,"Valoración:8,6",Desarrollador:Capcom,"Género:Rol, Multijugador Online Masivo, Acción RPG",Lanzamiento:Cancelado
Nombre:Crazy Frog Racer,Popularidad:Escasa,"Valoración:8,1",Desarrollador:Neko Entertainment,"Género:Conducción, Arcade",Lanzamiento:1º cuarto de 2006
Nombre:Fate of Hellas,Popularidad:Escasa,"Valoración:8,3",Desarrollador:World Forge,"Género:Estrategia, Tiempo real (Histórico)",Lanzamiento:2008 (Por determinar) (Pegi: +16)
Nombre:Street Warriors Online,Popularidad:Escasa,"Valoración:6,0",Desarrollador:Crazy Rocks Studio,"Género:Acción, Lucha, Sin cuotas (Moderno)",Jugadores:1-16 (Competitivo: Online / Cooperativo: Online),Lanzamiento:16 de diciembre de 2016
Nombre:Special Forces: Team X,Popularidad:Escasa,"Valoración:8,6",También para:Xbox 360,Desarrollador:Zombie Studios,"Género:Acción, Shooter, Acción táctica (Bélico)",Jugadores:1-12 (Competitivo: 2-12),Lanzamiento:6 de febrero de 2013 (Pegi: +18)
Nombre:Leviathan: Warships,Popularidad:Escasa,"Valoración:9,3","También para:Mac, Android, iOS",Desarrollador:Paradox Interactive,"Género:Estrategia, Tiempo real (Bélico)",Lanzamiento:2013 (Por determinar)
Nombre:Europa Universalis Rome Gold,Popularidad:Escasa,"Valoración:5,5",Desarrollador:Paradox Interactive,"Género:Estrategia, Turnos (Histórico)",Lanzamiento:Julio de 2009 (Pegi: +12)
Nombre:Renoir,Popularidad:Escasa,"Valoración:7,8",Desarrollador:Black Wing Foundation,"Género:Otros, Acción y aventura, Puzle (Moderno)",Jugadores:1,Lanzamiento:16 de noviembre de 2016
Nombre:Shogun 2: The Ikko Ikki Clan,Popularidad:Escasa,"Valoración:8,2",Desarrollador:Creative Assembly,"Género:Estrategia, Tiempo real, Turnos (Histórico)",Lanzamiento:26 de mayo de 2011 (Pegi: +16)
Nombre:SunAge,Popularidad:Escasa,"Valoración:6,6",Desarrollador:Vertex4,"Género:Estrategia, Tiempo real (Ciencia ficción)",Lanzamiento:2007 (Por determinar)
Nombre:Bone,Popularidad:Escasa,"Valoración:6,7",Desarrollador:Telltale Games,Género:Aventura,Lanzamiento:1 de agosto de 2005 (Pegi: +3)
Nombre:Sins of a Dark Age Hero,Popularidad:Escasa,"Valoración:7,3",Desarrollador:Ironclad Games,"Género:Estrategia, MOBA (Fantasía)",Lanzamiento:Por determinar en España
Nombre:StoneAge 2,Popularidad:Escasa,"Valoración:6,0",Desarrollador:Digipark,"Género:Rol, Multijugador Online Masivo, Sin cuotas (Fantasía)",Jugadores:Masivo online,Lanzamiento:3º cuarto de 2008
Nombre:Abduction,Popularidad:Escasa,"Valoración:8,1",Desarrollador:Gunstar Studio,"Género:Acción, Acción y aventura, Acción táctica (Moderno)",Lanzamiento:Por determinar en España (Pegi: +18)
Nombre:Worms Forts: Under Siege,Popularidad:Escasa,"Valoración:6,9",Desarrollador:Team 17,"Género:Estrategia, Tiempo real",Lanzamiento:2004 (Por determinar) (Pegi: +7)
Nombre:Bionicle Heroes,Popularidad:Escasa,"Valoración:6,3","También para:Xbox 360, Wii, DS, PS2",Desarrollador:Traveller's Tales,"Género:Acción, Acción y aventura (Superhéroes)",Lanzamiento:24 de noviembre de 2006 (Pegi: +7)
Nombre:Battlefield 3: Premium,Popularidad:Escasa,"Valoración:8,7","Precio:26,95€","También para:PS3, Xbox 360",Desarrollador:DICE,"Género:Acción, Primera persona (FPS) (Bélico)",Jugadores:1-24 (Competitivo: 2-24 / Cooperativo: 2),Lanzamiento:5 de junio de 2012 (Pegi: +18)
Nombre:APOX,Popularidad:Escasa,"Valoración:6,2",Desarrollador:BlueGiant Interactive,"Género:Estrategia, Tiempo real (Ciencia ficción)",Lanzamiento:20 de enero de 2011
Nombre:Arsenal of Democracy,Popularidad:Escasa,"Valoración:6,8",Desarrollador:BL-Logic,"Género:Estrategia, Tiempo real (Histórico)",Lanzamiento:Por determinar en España
Nombre:Florensia,Popularidad:Escasa,"Valoración:6,1",Desarrollador:Robot Entertainment,"Género:Rol, Multijugador Online Masivo, Sin cuotas (Fantasía)",Jugadores:Masivo online,Lanzamiento:16 de octubre de 2008
Nombre:LEGO Star Wars: Quest for R2-D2,Popularidad:Escasa,"Valoración:7,0",Desarrollador:Robot Entertainment,"Género:Acción, Acción y aventura (Humor)",Lanzamiento:19 de octubre de 2009
Nombre:Napoleon: Total War - Coalition Battle Pack,Popularidad:Escasa,"Valoración:6,7",Desarrollador:Creative Assembly,"Género:Estrategia, Tiempo real, Turnos (Histórico)",Lanzamiento:5 de mayo de 2010 (Pegi: +16)
Nombre:Civilization IV: Beyond the Sword,Popularidad:Escasa,"Valoración:6,7","Precio:19,99€",Desarrollador:Firaxis Games,Género:Estrategia,Lanzamiento:Julio de 2007 (Pegi: +16)
Nombre:Darkness Within,Popularidad:Escasa,"Valoración:8,2",Desarrollador:Zoetrope Interactive,Género:Aventura (Misterio y Terror),Lanzamiento:6 de noviembre de 2007 (Pegi: +7)
Nombre:Caretaker,Popularidad:Escasa,"Valoración:5,0",También para:PS4,Desarrollador:Inversive,Género:Aventura (Misterio y Terror),Jugadores:1,Lanzamiento:22 de marzo de 2019
Nombre:Rising World,Popularidad:Escasa,"Valoración:9,4","También para:Mac, Linux",Desarrollador:JIW-Games,"Género:Acción, Acción y aventura (Moderno)",Lanzamiento:Por determinar en España
Nombre:Defenders of Ekron,Popularidad:Escasa,"Valoración:5,5","También para:PS4, Xbox One",Desarrollador:In Vitro Games,"Género:Acción, Shoot'Em Up (Ciencia ficción)",Jugadores:1,Lanzamiento:2017 (Por determinar)
Nombre:Hollowpoint,Popularidad:Escasa,"Valoración:9,4",También para:PS4,Desarrollador:Ruffian Games,"Género:Acción, Shooter (Moderno)",Lanzamiento:2015 (Por determinar)
Nombre:Sam & Max: Episode 101,Popularidad:Escasa,"Valoración:6,4",También para:Mac,Desarrollador:Telltale Games,Género:Aventura (Misterio y Humor),Lanzamiento:1 de noviembre de 2006 (Pegi: +12)
Nombre:32 Secs,Popularidad:Escasa,"Valoración:7,2",Desarrollador:isTom Games,"Género:Conducción, Arcade (Ciencia ficción)",Jugadores:1,Lanzamiento:Por determinar en España
Nombre:Commanders: Attack!,Popularidad:Escasa,"Valoración:6,4",También para:Xbox 360,Desarrollador:Southend Int.,"Género:Estrategia, Turnos (Ciencia ficción)",Lanzamiento:4º trimestre de 2007
Nombre:Ubisoft+,Popularidad:Escasa,"Valoración:6,8",Desarrollador:UbiSoft,Género:Otros,Lanzamiento:3 de septiembre de 2019
Nombre:Defense Grid 2,Popularidad:Escasa,"Valoración:8,0","También para:PS4, Xbox One, Mac, Linux",Desarrollador:Hidden Path,"Género:Estrategia, Tiempo real (Ciencia ficción)",Lanzamiento:23 de septiembre de 2014
Nombre:Konami Anniversary Collection: Arcade Classics,Popularidad:Escasa,Valoración:10,"También para:PS4, Xbox One, Nintendo Switch",Desarrollador:Konami,"Género:Acción, Shoot'Em Up",Lanzamiento:18 de abril de 2019
Nombre:Spelunker Party!,Popularidad:Escasa,"Valoración:6,0",También para:Nintendo Switch,Desarrollador:Square Enix,"Género:Acción, Plataformas (Fantasía)",Jugadores:1-4 (Cooperativo: Si),Lanzamiento:19 de octubre de 2017 (Pegi: +7)
Nombre:Toxikk,Popularidad:Escasa,"Valoración:8,3",Desarrollador:Reakktor Media,"Género:Acción, Primera persona (FPS) (Ciencia ficción)",Jugadores:Competitivo: Online / Cooperativo: Online,Lanzamiento:9 de septiembre de 2016
Nombre:Xenonauts 2,Popularidad:Escasa,Valoración: ,"También para:Mac, Linux",Desarrollador:Goldhawk Interactive,"Género:Estrategia, Tiempo real (Ciencia ficción)",Lanzamiento:2017 (Por determinar)
Nombre:Hunter's Legacy,Popularidad:Escasa,"Valoración:5,7","También para:PS4, Nintendo Switch",Desarrollador:Lienzo,"Género:Acción, Plataformas (Fantasía)",Jugadores:1,Lanzamiento:19 de julio de 2016
Nombre:Zombie Party,Popularidad:Escasa,"Valoración:7,0",Desarrollador:Peach Pie Productions,"Género:Acción, Acción y aventura, Shooter (Humor)",Jugadores:Competitivo: Local y Online / Cooperativo: Local y Online,Lanzamiento:10 de junio de 2016
Nombre:Last Encounter,Popularidad:Escasa,"Valoración:9,0","También para:PS4, Xbox One, Nintendo Switch, Mac",Desarrollador:Exordium Games,"Género:Acción, Shoot'Em Up (Ciencia ficción y Espacial)",Jugadores:1-2 (Cooperativo: Sí),Lanzamiento:8 de mayo de 2018
Nombre:StarCraft: Remastered,Popularidad:Escasa,"Valoración:9,1",Desarrollador:Blizzard,"Género:Estrategia, Tiempo real (Ciencia ficción)","Jugadores:1-8 (Competitivo: Sí, local y online / Cooperativo: Sí, local y online)",Lanzamiento:14 de agosto de 2017 (Pegi: +12)
Nombre:NHL 08,Popularidad:Escasa,"Valoración:6,4","Precio:19,99€","También para:PS3, Xbox 360, PS2",Desarrollador:EA Games,"Género:Deportes, Hockey",Lanzamiento:3º cuarto de 2007
Nombre:Octahedron,Popularidad:Escasa,"Valoración:9,0","También para:PS4, Xbox One",Desarrollador:Demimonde Games,"Género:Acción, Plataformas (Abstracto)",Jugadores:1,Lanzamiento:20 de marzo de 2018
Nombre:Romance of the Three Kingdoms XIII with Power-Up,Popularidad:Escasa,Valoración:10,"También para:PS4, Xbox One, Nintendo Switch, PS3",Desarrollador:Tecmo,"Género:Estrategia, Turnos (Histórico)",Jugadores:1,Lanzamiento:Por determinar en España16 de febrero de 2017 (en japón)
"Nombre:Ready, Aim, Splat!",Popularidad:Escasa,Valoración: ,Desarrollador:Blue Volcano Studio,"Género:Acción, Primera persona (FPS)",Jugadores:1,Lanzamiento:13 de enero de 2017 (Pegi: +12)
Nombre:Color Guardians,Popularidad:Escasa,"Valoración:8,2","También para:PS4, Vita, Mac",Desarrollador:Fair Play Labs,"Género:Acción, Plataformas (Fantasía)",Jugadores:1,Lanzamiento:13 de mayo de 2015 (Pegi: +7)
Nombre:Call of Duty 4: Variety Map Pack,Popularidad:Escasa,"Valoración:6,8","También para:PS3, Xbox 360",Desarrollador:Infinity Ward,"Género:Acción, Primera persona (FPS) (Bélico y Guerra moderna)","Jugadores:1-4, 16 online",Lanzamiento:Junio de 2008 (Pegi: +16)
Nombre:Nobunaga’s Ambition 201X,Popularidad:Escasa,"Valoración:9,0","También para:Android, iOS",Desarrollador:Koei,"Género:Estrategia, Tiempo real (Samurais)",Lanzamiento:4º trimestre de 2014
Nombre:Front Mission Online,Popularidad:Escasa,"Valoración:7,2",También para:PS2,Desarrollador:Square Enix,"Género:Estrategia, Turnos (Ciencia ficción)",Lanzamiento:Por determinar en España
Nombre:Rangi,Popularidad:Escasa,"Valoración:7,0",También para:PS4,Desarrollador:Funsoft,"Género:Otros, Puzle, Realidad Virtual (Fantasía)",Jugadores:1,Lanzamiento:3 de agosto de 2017 (Pegi: +7)
Nombre:Edge of Twilight,Popularidad:Escasa,"Valoración:6,6","También para:PS3, Xbox 360",Desarrollador:Fuzzeyes Studio,"Género:Acción, Acción y aventura (Fantasía)",Lanzamiento:2009 (Por determinar)
Nombre:The Nightmare from Beyond,Popularidad:Escasa,"Valoración:5,5","También para:PS4, Vita",Desarrollador:The Domaginarium,"Género:Acción, Acción y aventura, Plataformas (Terror)",Jugadores:1,Lanzamiento:2017 (Por determinar)
Nombre:Kynseed,Popularidad:Escasa,"Valoración:7,8",Desarrollador:PixelCount Studios,"Género:Rol, Acción RPG (Fantasía)",Lanzamiento:8 de noviembre de 2018Juego con acceso anticipado
Nombre:The Memory of Eldurim,Popularidad:Escasa,"Valoración:7,7",Desarrollador:Liminal Games,"Género:Rol, Acción RPG (Fantasía)",Jugadores:1-2 (Competitivo: Sí / Cooperativo: 2),Lanzamiento:Por determinar en España
Nombre:Super Splatters,Popularidad:Escasa,"Valoración:7,3","También para:Mac, Linux",Desarrollador:SpikySnail Games,"Género:Otros, Puzle (Abstracto)",Jugadores:1,Lanzamiento:26 de junio de 2013 (Pegi: +3)
Nombre:ROOT,Popularidad:Escasa,"Valoración:6,0","También para:Mac, Linux",Desarrollador:Deep Fried Enterprises,"Género:Acción, Primera persona (FPS) (Ciencia ficción)",Jugadores:1,Lanzamiento:16 de noviembre de 2015
Nombre:There Came an Echo,Popularidad:Escasa,"Valoración:3,3",También para:PS4,Desarrollador:Iridium Studios,"Género:Acción, Acción táctica (Ciencia ficción)",Lanzamiento:24 de febrero de 2015 (Pegi: +16)
Nombre:Bloodsports.TV,Popularidad:Escasa,"Valoración:5,6",Desarrollador:Fatshark,"Género:Acción, Shooter (Ciencia ficción)",Jugadores:1 (multijugador) (Competitivo: Sí / Cooperativo: Sí),Lanzamiento:30 de marzo de 2015
Nombre:Insomnis,Popularidad:Escasa,"Valoración:8,0","También para:PS4, PS5",Desarrollador:Path Games,Género:Aventura (Terror y Misterio),Jugadores:1,Lanzamiento:Por determinar en España (Pegi: +18)
Nombre:Muffin Knight,Popularidad:Escasa,"Valoración:7,2",También para:Mac,Desarrollador:Angry Mob Studios,"Género:Acción, Acción y aventura, Plataformas (Fantasía)",Lanzamiento:21 de mayo de 2014
Nombre:Dead or Alive 5 Core Fighters,Popularidad:Escasa,"Valoración:8,0","También para:PS4, Xbox One",Desarrollador:Team Ninja,"Género:Acción, Lucha",Jugadores:1-12 (Cooperativo: Sí),Lanzamiento:3 de octubre de 2016 (Pegi: +16)
Nombre:Viviette,Popularidad:Escasa,"Valoración:9,0",También para:Nintendo Switch,Desarrollador:DYA Games,"Género:Acción, Acción y aventura (Terror)",Jugadores:1,Lanzamiento:18 de octubre de 2018
Nombre:GNOG,Popularidad:Escasa,"Valoración:8,5","También para:PS4, Mac, iOS",Desarrollador:KO-OP,"Género:Otros, Puzle (Abstracto)",Jugadores:1,Lanzamiento:17 de julio de 2018 (Pegi: +7)
Nombre:Pristontale 2,Popularidad:Escasa,"Valoración:6,1",Desarrollador:Yedang online,"Género:Rol, Sin cuotas (Fantasía)",Jugadores:Masivo online,Lanzamiento:Por determinar en España
Nombre:Tuebor,Popularidad:Escasa,"Valoración:9,5",También para:Mac,Desarrollador:Strength in Numbers Studio,"Género:Rol, Multijugador Online Masivo, Sin cuotas",Jugadores:1-16 (Competitivo: Online / Cooperativo: Online),Lanzamiento:Septiembre de 2016
Nombre:Europa Universalis: Rome,Popularidad:Escasa,"Valoración:6,4",Desarrollador:Paradox Interactive,"Género:Estrategia, Turnos (Histórico)","Jugadores:1, 32 online",Lanzamiento:Segunda mitad de 2008
Nombre:Super 3-D Noah's Ark,Popularidad:Escasa,"Valoración:1,0","También para:Mac, Linux","Desarrollador:Wisdom Tree, Inc.","Género:Acción, Primera persona (FPS) (Fantasía)",Jugadores:1,Lanzamiento:1 de enero de 1995
Nombre:Warrior's Orochi 3 Ultimate Definitive Edition,Popularidad:Escasa,Valoración: ,"También para:PS4, Xbox One, PS3",Desarrollador:Omega Force,"Género:Acción, Hack and Slash (Manga)",Jugadores:1-2 (Cooperativo: 2),Lanzamiento:12 de julio de 2022 (Pegi: +12)
Nombre:Classroom Aquatic,Popularidad:Escasa,"Valoración:1,0","También para:PS4, Mac, Linux",Desarrollador:Sunken Places,"Género:Otros, Puzle (Fantasía)",Lanzamiento:2016 (Por determinar)
Nombre:Mindtaker,Popularidad:Escasa,Valoración: ,También para:PS4,Desarrollador:Relevo Videogames,"Género:Acción, Acción y aventura (Terror)",Jugadores:1,Lanzamiento:Por determinar en España (Pegi: +18)
Nombre:Iratus: Lord of the Dead,Popularidad:Escasa,"Valoración:6,9","También para:Mac, Linux",Desarrollador:Unfrozen,"Género:Rol, Combate por turnos (Fantasía)",Jugadores:1,Lanzamiento:23 de abril de 2020
Nombre:Enki,Popularidad:Escasa,"Valoración:7,3",También para:Xbox One,Desarrollador:Storm in a Teacup,"Género:Acción, Acción y aventura (Terror)",Jugadores:1,Lanzamiento:2015 (Por determinar)
Nombre:Crowsworn,Popularidad:Escasa,"Valoración:7,3","También para:PS4, PS5, Xbox Series, Xbox One, Nintendo Switch",Desarrollador:Mongoose Rodeo,"Género:Acción, Acción y aventura, Plataformas (Fantasía y Mazmorras)",Jugadores:1,Lanzamiento:Por determinar en España
Nombre:Mad Box,Popularidad:Escasa,"Valoración:8,6",Desarrollador:Slightly Mad Studios,"Género:Otros, Hardware",Lanzamiento:2020 (Por determinar)
Nombre:Beyond Good & Evil 2,Popularidad:Escasa,"Valoración:8,7","También para:PS4, Xbox One",Desarrollador:Ubisoft Montpellier,"Género:Acción, Acción y aventura (Ciencia ficción)",Lanzamiento:Por determinar en España
Nombre:Defunct,Popularidad:Escasa,"Valoración:7,8","También para:PS4, Xbox One, Nintendo Switch",Desarrollador:Freshly Squeezed,"Género:Conducción, Arcade",Jugadores:1,Lanzamiento:29 de enero de 2016 (Pegi: +3)
Nombre:The Wayward Realms,Popularidad:Escasa,"Valoración:7,0","Desarrollador:OnceLost Games, Ltd.",Género:Rol (Fantasía),Lanzamiento:Por determinar en España
Nombre:Xydonia,Popularidad:Escasa,"Valoración:4,0",Desarrollador:Dario Fantini,"Género:Acción, Shoot'Em Up (Ciencia ficción)",Jugadores:1-2 (Cooperativo: sí),Lanzamiento:Por determinar en España
Nombre:Pathfinder: Wrath of the Righteous,Popularidad:Escasa,"Valoración:8,5","También para:PS4, PS5, Xbox Series, Xbox One, Nintendo Switch, Mac, Linux",Desarrollador:Owlcat Games,"Género:Rol, Acción RPG (Fantasía)",Jugadores:1 (Competitivo: No / Cooperativo: No),Lanzamiento:2 de septiembre de 2021
Nombre:Grave Danger,Popularidad:Escasa,"Valoración:8,0","También para:PS4, Mac",Desarrollador:JB Gaming Inc,"Género:Acción, Acción y aventura, Plataformas (Fantasía)",Jugadores:1-3 (Cooperativo: Local),Lanzamiento:19 de diciembre de 2016
Nombre:1953 - KGB Unleashed,Popularidad:Escasa,"Valoración:6,0",Desarrollador:Phantomery Interactive,Género:Aventura (Histórico y Misterio),Lanzamiento:9 de julio de 2012 (Pegi: +16)
Nombre:Merchants of Brooklyn,Popularidad:Escasa,"Valoración:4,5","También para:PS3, Xbox 360",Desarrollador:Paleo Entertainment,"Género:Acción, Primera persona (FPS) (Ciencia ficción)",Lanzamiento:17 de marzo de 2009 (Pegi: +18)
Nombre:The District,Popularidad:Escasa,"Valoración:8,0",También para:Linux,Desarrollador:Kotach,"Género:Acción, Primera persona (FPS), Acción y aventura (Moderno)",Jugadores:1,Lanzamiento:23 de agosto de 2014
Nombre:The Old City: Leviathan,Popularidad:Escasa,Valoración: ,Desarrollador:PostMod Softworks,"Género:Aventura, Walking simulator",Jugadores:1,Lanzamiento:3 de diciembre de 2017
Nombre:Darkfall,Popularidad:Escasa,"Valoración:6,8",Desarrollador:Razorwax,"Género:Rol, Multijugador Online Masivo, Con cuotas",Jugadores:Masivo online,Lanzamiento:2 de marzo de 2009 (Pegi: +18)
Nombre:Cuphead The Delicious Last Course,Popularidad:Escasa,"Valoración:8,8","También para:PS4, Xbox One, Nintendo Switch, Mac",Desarrollador:Studio MDHR,"Género:Acción, Shooter (Dibujos Animados y Humor)",Jugadores:1-2 (Competitivo: No / Cooperativo: Local),Lanzamiento:30 de junio de 2022
Nombre:Hearthstone: Salvadores de Uldum,Popularidad:Escasa,"Valoración:1,5","También para:Mac, Android, iOS",Desarrollador:Blizzard,"Género:Estrategia, Cartas (Fantasía)",Jugadores:1-2 (Competitivo: Online),Lanzamiento:6 de agosto de 2019 (Pegi: +12)
Nombre:Legions of Tyrandel,Popularidad:Escasa,"Valoración:7,0",Desarrollador:Sleepy Spider Studios,"Género:Estrategia, Turnos (Fantasía)",Jugadores:1-2 (Competitivo: Online),Lanzamiento:1º cuarto de 2017
Nombre:The 11th Hour,Popularidad:Escasa,Valoración:10,También para:Mac,Desarrollador:Trilobyte Software,Género:Aventura (Terror),Jugadores:1,Lanzamiento:30 de noviembre de 1995 (Pegi: +18)
Nombre:Aliens: Fireteam Elite,Popularidad:Escasa,"Valoración:8,4","También para:PS4, PS5, Xbox Series, Xbox One",Desarrollador:Cold Iron Studios,"Género:Acción, Shooter (Ciencia ficción, Aliens y Espacial)",Jugadores:1-3 (Competitivo: No / Cooperativo: Sí),Lanzamiento:24 de agosto de 2021
Nombre:The Legend of Kyrandia: The  Book 2 - The Hand of Fate,Popularidad:Escasa,"Valoración:7,4",Desarrollador:Westwood Studios,Género:Aventura (Fantasía),Lanzamiento:18 de febrero de 1994
Nombre:Nihilumbra,Popularidad:Escasa,"Valoración:8,9","También para:Nintendo Switch, Wii U, Vita, Mac, Android, iOS",Desarrollador:BeautiFun Games,"Género:Otros, Plataformas, Puzle (Fantasía)",Jugadores:1,Lanzamiento:25 de septiembre de 2013 (Pegi: +7)
Nombre:Mistborn,Popularidad:Escasa,"Valoración:9,8","También para:PS3, Xbox 360",Desarrollador:Little Orbit,Género:Acción,Lanzamiento:2013 (Por determinar)
Nombre:Outcast 1.1,Popularidad:Escasa,Valoración: ,Desarrollador:Fresh3d,"Género:Acción, Acción y aventura (Ciencia ficción y Espacial)",Jugadores:1,Lanzamiento:18 de diciembre de 2014
Nombre:The Mighty Quest for Epic Loot,Popularidad:Escasa,"Valoración:8,1",Desarrollador:Ubisoft Montreal,"Género:Rol, Acción RPG (Fantasía)",Jugadores:Masivo online (Competitivo: Sí),Lanzamiento:26 de febrero de 2014 (Pegi: +12)
Nombre:Mind Unleashed,Popularidad:Escasa,"Valoración:7,0",Desarrollador:Frost Earth,"Género:Acción, Primera persona (FPS), Realidad Virtual (Ciencia ficción)",Jugadores:1,Lanzamiento:5 de mayo de 2016
Nombre:Capsized,Popularidad:Escasa,"Valoración:7,0","También para:PS3, Xbox 360",Desarrollador:Alientrap,"Género:Acción, Shooter, Plataformas (Ciencia ficción)",Jugadores:1-2 (Cooperativo: 2),Lanzamiento:29 de abril de 2011 (Pegi: +12)
Nombre:Soldiers of the Universe,Popularidad:Escasa,"Valoración:5,7",Desarrollador:Rocwise Entertainment,"Género:Acción, Primera persona (FPS)",Jugadores:1-4 (Competitivo: Online),Lanzamiento:14 de septiembre de 2017Juego con acceso anticipado
Nombre:Heaven's Vault,Popularidad:Escasa,Valoración: ,También para:PS4,Desarrollador:inkle Ltd,Género:Aventura (Ciencia ficción),Jugadores:1,Lanzamiento:16 de abril de 2019
Nombre:Crossfire: Legion,Popularidad:Escasa,"Valoración:4,0","Desarrollador:Blackbird Interactive, Smilegate","Género:Estrategia, Tiempo real (Bélico y Guerra futurista)",Lanzamiento:2022 (Por determinar)
Nombre:BUCK,Popularidad:Escasa,Valoración:10,"También para:PS4, Xbox One",Desarrollador:Wave Interactive,"Género:Acción, Acción y aventura, Shooter (Ciencia ficción)",Jugadores:1,Lanzamiento:2º trimestre de 2017
Nombre:Secrets of Grindea,Popularidad:Escasa,"Valoración:9,0",Desarrollador:Pixel Ferrets,"Género:Rol, Acción RPG (Fantasía)",Jugadores:1-4 (Cooperativo Sí),Lanzamiento:Por determinar en España
Nombre:Aion,Popularidad:Escasa,"Valoración:7,4","Precio:41,95€",Desarrollador:NCsoft,"Género:Rol, Multijugador Online Masivo, Con cuotas (Fantasía)",Jugadores:Masivo online,Lanzamiento:25 de septiembre de 2009 (Pegi: +12)
Nombre:Kraze,Popularidad:Escasa,"Valoración:4,9",Desarrollador:Career Soft,"Género:Conducción, Arcade",Lanzamiento:2009 (Por determinar)
Nombre:Legacy of Kain: Soul Reaver,Popularidad:Escasa,"Valoración:9,5","También para:PS1, DC",Desarrollador:Crystal Dynamics,"Género:Acción, Acción y aventura (Fantasía)",Lanzamiento:20 de agosto de 1999 (Pegi: +16)
Nombre:Bit.Trip Runner 2,Popularidad:Escasa,"Valoración:8,2","También para:PS4, PS3, Xbox 360, Wii U, Vita, Mac, Linux",Desarrollador:Gaijin Entertainment,"Género:Acción, Plataformas, Runner (Aliens y Abstracto)",Jugadores:1,Lanzamiento:23 de febrero de 2013 (Pegi: +3)
Nombre:Shape of the World,Popularidad:Escasa,"Valoración:7,7","También para:PS4, Xbox One, Nintendo Switch, Mac",Desarrollador:Hollow Tree Games Inc.,Género:Aventura (Fantasía),Jugadores:1,Lanzamiento:5 de junio de 2018
Nombre:Dragon Age: Dreadwolf,Popularidad:Escasa,"Valoración:9,2","También para:PS5, Xbox Series",Desarrollador:BioWare,"Género:Rol, Acción RPG (Fantasía)",Lanzamiento:Por determinar en España
Nombre:RunGunJumpGun,Popularidad:Escasa,"Valoración:8,5","También para:Nintendo Switch, Mac",Desarrollador:ThirtyThree Games Ltd.,"Género:Acción, Shooter, Plataformas (Aliens y Espacial)",Jugadores:1,Lanzamiento:31 de agosto de 2016
Nombre:Shogun 2: Saints and Heroes,Popularidad:Escasa,"Valoración:8,2",Desarrollador:Creative Assembly,"Género:Estrategia, Tiempo real, Turnos (Histórico)",Lanzamiento:26 de julio de 2012 (Pegi: +16)
Nombre:Inframon: The Old Darkness,Popularidad:Escasa,Valoración: ,Desarrollador:Drop of Pixel,Género:Aventura (Terror),Jugadores:1,Lanzamiento:1º trimestre de 2016
Nombre:Urban Legend in Limbo,Popularidad:Escasa,"Valoración:8,0",Desarrollador:Twilight Frontier /  Team Shanghai Alice,"Género:Acción, Lucha (Manga)",Lanzamiento:10 de mayo de 2015
Nombre:Eligium,Popularidad:Escasa,"Valoración:9,0",Desarrollador:Shanda Games,"Género:Rol, Acción RPG, Sin cuotas (Fantasía)",Lanzamiento:2012 (Por determinar)
Nombre:Children of the Galaxy,Popularidad:Escasa,Valoración: ,"Desarrollador:Filip Dusek, Empty Keys","Género:Estrategia, Turnos (Ciencia ficción)",Jugadores:1,Lanzamiento:Septiembre de 2017
Nombre:Life Goes On,Popularidad:Escasa,"Valoración:6,9","También para:PS4, Mac, Linux",Desarrollador:Infinite Monkeys Entertainment Ltd.,"Género:Otros, Plataformas, Puzle (Fantasía)",Jugadores:1,Lanzamiento:17 de abril de 2014 (Pegi: +7)
Nombre:Investigator,Popularidad:Escasa,"Valoración:7,0",Desarrollador:AdroVGames,"Género:Acción, Acción y aventura (Terror)",Lanzamiento:2 de junio de 2016
Nombre:xxx,Popularidad:Escasa,"Valoración:2,1",Desarrollador:Twistplay,"Género:Rol, Acción RPG",Jugadores:1,Lanzamiento:4º trimestre de 2016
Nombre:Z.I.O.N.,Popularidad:Escasa,"Valoración:6,0",Desarrollador:Vitaly Gintsar,"Género:Acción, Primera persona (FPS) (Ciencia ficción)",Jugadores:1,Lanzamiento:7 de mayo de 2016
Nombre:The Light Keeps Us Safe,Popularidad:Escasa,"Valoración:6,3",Desarrollador:Big Robot,"Género:Acción, Acción y aventura (Ciencia ficción, Extraterrestres y Mechas y Robots)",Jugadores:1,Lanzamiento:11 de octubre de 2018Juego con acceso anticipado
Nombre:Immortal Planet,Popularidad:Escasa,Valoración:10,Desarrollador:teedoubleuGAMES,"Género:Rol, Acción RPG (Ciencia ficción)",Jugadores:1,Lanzamiento:28 de julio de 2017
Nombre:A Place for the Unwilling,Popularidad:Escasa,"Valoración:8,9",También para:Mac,Desarrollador:AlPixel Games,Género:Aventura (Fantasía),Jugadores:1,Lanzamiento:2019 (Por determinar)
Nombre:The Elder Scrolls III: Morrowind,Popularidad:Escasa,"Valoración:9,5",También para:XBOX,Desarrollador:Bethesda Softworks,"Género:Rol, Acción RPG (Fantasía)",Lanzamiento:30 de mayo de 2002 (Pegi: +12)
Nombre:Plith,Popularidad:Escasa,Valoración: ,También para:Mac,Desarrollador:Ya2,"Género:Otros, Puzle (Abstracto)",Jugadores:1,Lanzamiento:2 de junio de 2016
Nombre:KEO,Popularidad:Escasa,Valoración: ,Desarrollador:Redcatpig Studio,"Género:Acción, Shooter, Destrucción",Jugadores:Competitivo: Online / Cooperativo: Online,Lanzamiento:Por determinar en España
Nombre:Mass Effect: Bring Down the Sky,Popularidad:Escasa,"Valoración:7,4",También para:Xbox 360,Desarrollador:BioWare,"Género:Rol, Acción RPG (Ciencia ficción y Espacial)",Jugadores:1,Lanzamiento:10 de marzo de 2008 (Pegi: +18)
Nombre:Perimeter: Emperor's Testament,Popularidad:Escasa,"Valoración:6,5",Desarrollador:KDV Games,"Género:Estrategia, Tiempo real (Ciencia ficción)",Lanzamiento:Por determinar en España
Nombre:Storm,Popularidad:Escasa,"Valoración:7,0","También para:PS3, Xbox 360",Desarrollador:Eko Software,"Género:Otros, Puzle (Abstracto)",Jugadores:1,Lanzamiento:26 de junio de 2013
Nombre:Battlefield 3: Aftermath,Popularidad:Escasa,"Valoración:8,9","También para:PS3, Xbox 360",Desarrollador:DICE,"Género:Acción, Primera persona (FPS) (Bélico)",Jugadores:1-64 (Competitivo: 2-64 / Cooperativo: 2),Lanzamiento:18 de diciembre de 2012 (Pegi: +18)
Nombre:Mighty No. 9,Popularidad:Escasa,"Valoración:7,8","Precio:19,99€","También para:PS4, Xbox One, 3DS, PS3, Xbox 360, Wii U, Vita, Mac, Linux",Desarrollador:Comcept,"Género:Acción, Plataformas (Ciencia ficción)",Jugadores:1-2 (Cooperativo: Sí),Lanzamiento:24 de junio de 2016 (Pegi: +7)
Nombre:Wizardry Online,Popularidad:Escasa,"Valoración:7,7",Desarrollador:Sony Online Entertainment,"Género:Rol, Multijugador Online Masivo (Fantasía)",Lanzamiento:30 de enero de 2013
Nombre:Reconquest,Popularidad:Escasa,"Valoración:8,0",También para:Mac,Desarrollador:StormCube Games,"Género:Estrategia, Tiempo real (Moderno)",Lanzamiento:16 de diciembre de 2016
Nombre:Ultima Online: Kingdom Reborn,Popularidad:Escasa,"Valoración:6,1",Desarrollador:EA Games,"Género:Rol, Multijugador Online Masivo",Lanzamiento:Por determinar en España
Nombre:Chaos League,Popularidad:Escasa,"Valoración:7,0",Desarrollador:Robot Entertainment,"Género:Estrategia, Tiempo real (Fantasía)",Lanzamiento:Por determinar en España
Nombre:Puzzle Agent 2,Popularidad:Escasa,"Valoración:7,9","También para:Mac, iOS",Desarrollador:Telltale Games,"Género:Otros, Puzle (Abstracto y Humor)",Jugadores:1,Lanzamiento:30 de junio de 2011
Nombre:Dyna Bomb,Popularidad:Escasa,"Valoración:7,0",Desarrollador:7 Raven Studios,"Género:Acción, Shooter, Plataformas (Humor)",Jugadores:1,Lanzamiento:13 de mayo de 2016
Nombre:The Last Blade,Popularidad:Escasa,"Valoración:8,0","También para:Wii, PS1, NeoGeo",Desarrollador:DotEmu,"Género:Acción, Lucha (Manga)",Jugadores:1-2 (Multijugador),Lanzamiento:31 de agosto de 2016 (Pegi: +16)
Nombre:Crisis Core –Final Fantasy VII– Reunion,Popularidad:Escasa,"Valoración:9,0","Precio:0,00€","También para:PS4, PS5, Xbox Series, Xbox One, Nintendo Switch",Desarrollador:Square Enix,"Género:Rol, Combate por turnos (Fantasía)",Jugadores:1,Lanzamiento:1º trimestre de 2023
Nombre:CrimeCraft,Popularidad:Escasa,"Valoración:6,7",Desarrollador:Vogster,"Género:Rol, Multijugador Online Masivo (Moderno)",Jugadores:Masivo online,Lanzamiento:25 de agosto de 2009
Nombre:Battlecrew: Space Pirates,Popularidad:Escasa,"Valoración:7,2",Desarrollador:Dontnod Eleven,"Género:Acción, Shooter (Ciencia ficción)",Jugadores:Masivo online (Competitivo: Sí),Lanzamiento:Por determinar en España
Nombre:Zorro: The Chronicles,Popularidad:Escasa,"Valoración:1,0","También para:PS4, Xbox Series, Xbox One, Nintendo Switch, Stadia",Desarrollador:BKOM Studios,"Género:Acción, Acción y aventura (Dibujos Animados)",Jugadores:1,Lanzamiento:16 de junio de 2022 (Pegi: +7)
Nombre:LIT,Popularidad:Escasa,Valoración: ,"También para:Wii, Android, iOS",Desarrollador:WayForward,"Género:Otros, Acción y aventura, Puzle (Terror)",Jugadores:1,Lanzamiento:21 de febrero de 2017
Nombre:Kindled Cavern,Popularidad:Escasa,"Valoración:4,0",Desarrollador:Pretty Okay Games,"Género:Aventura, Realidad Virtual (Misterio)",Jugadores:1,Lanzamiento:13 de enero de 2017
Nombre:The Birdcage,Popularidad:Escasa,"Valoración:8,7","También para:Android, iOS",Desarrollador:Capricia Productions,Género:Aventura (Terror),Lanzamiento:Por determinar en España
Nombre:Q*bert Rebooted,Popularidad:Escasa,"Valoración:8,5","También para:PS4, Xbox One, PS3, Vita, Mac, Linux, Android, iOS",Desarrollador:Gonzo Games,"Género:Otros, Puzle (Abstracto)",Jugadores:1,Lanzamiento:8 de julio de 2014
Nombre:The Surge 2,Popularidad:Escasa,"Valoración:8,1","Precio:49,99€","También para:PS4, Xbox One",Desarrollador:Deck 13,"Género:Rol, Acción RPG (Mechas y Robots, Apocalíptico y Ciencia ficción)",Jugadores:1,Lanzamiento:24 de septiembre de 2019 (Pegi: +18)
Nombre:Starship Troopers - Terran Command,Popularidad:Escasa,"Valoración:8,5",Desarrollador:The Artistocrats,"Género:Estrategia, Tiempo real (Ciencia ficción, Aliens y Espacial)",Jugadores:1 (Competitivo: No / Cooperativo: No),Lanzamiento:16 de junio de 2022
Nombre:First Winter,Popularidad:Escasa,Valoración: ,También para:Mac,Desarrollador:Dan Sanderson,"Género:Acción, Acción y aventura (Terror)",Jugadores:1,Lanzamiento:8 de mayo de 2018
Nombre:Head Over Heels,Popularidad:Escasa,"Valoración:6,7",También para:Spectrum,Desarrollador:Robot Entertainment,"Género:Otros, Puzle",Lanzamiento:Por determinar en España
Nombre:Magicka: The Stars are Left,Popularidad:Escasa,"Valoración:8,3",Desarrollador:Arrowhead Game Studios,"Género:Rol, Acción RPG (Fantasía)",Jugadores:1-4 (Cooperativo: 2-4),Lanzamiento:30 de noviembre de 2011 (Pegi: +16)
Nombre:Mini Ghost,Popularidad:Escasa,"Valoración:7,0",Desarrollador:Francisco Tellez de Meneses,"Género:Acción, Plataformas (Ciencia ficción)",Jugadores:1,Lanzamiento:28 de abril de 2017
Nombre:Executive Assault,Popularidad:Escasa,"Valoración:4,0",Desarrollador:Hesketh Studios,"Género:Estrategia, Primera persona (FPS), Tiempo real (Ciencia ficción)",Jugadores:1 (Competitivo: Sí),Lanzamiento:17 de julio de 2015
Nombre:The Dolls,Popularidad:Escasa,"Valoración:5,9","También para:Mac, Linux",Desarrollador:HUSH Interactive,"Género:Acción, Acción y aventura (Terror)",Jugadores:1,Lanzamiento:25 de mayo de 2016
Nombre:Beyond Despair,Popularidad:Escasa,"Valoración:9,0",Desarrollador:PixelMate,"Género:Acción, Primera persona (FPS) (Terror)",Jugadores:Competitivo: Online,Lanzamiento:3º trimestre de 2017
Nombre:Bullet Sorrow VR,Popularidad:Escasa,"Valoración:8,0",Desarrollador:Viking VR Studio,"Género:Acción, Primera persona (FPS)",Jugadores:1,Lanzamiento:29 de noviembre de 2016
Nombre:Cloudbuilt,Popularidad:Escasa,"Valoración:7,4",Desarrollador:Coilworks,Género:Acción,Jugadores:1,Lanzamiento:20 de marzo de 2014
Nombre:Warhammer 40K: Dark Angels,Popularidad:Escasa,"Valoración:7,9",Desarrollador:Relic,"Género:Estrategia, Tiempo real (Ciencia ficción)",Jugadores:1-6 (Competitivo: 2-6 / Cooperativo: 2),Lanzamiento:6 de abril de 2011 (Pegi: +16)
Nombre:Skylar & Plux: Adventure on Clover Island,Popularidad:Escasa,"Valoración:6,2","También para:PS4, Xbox One",Desarrollador:Right Nice Games,"Género:Acción, Plataformas (Fantasía)",Jugadores:1,Lanzamiento:19 de mayo de 2017 (Pegi: +3)
Nombre:Tether,Popularidad:Escasa,"Valoración:8,2","También para:Mac, Linux",Desarrollador:Freesphere Entertainment,"Género:Otros, Puzle (Ciencia ficción y Terror)",Lanzamiento:Por determinar en España
Nombre:Aftershock,Popularidad:Escasa,"Valoración:7,0",Desarrollador:Focus Studios,"Género:Acción, Primera persona (FPS)",Jugadores:Multijugador masivo,Lanzamiento:2018 (Por determinar)
Nombre:Hawken,Popularidad:Escasa,"Valoración:8,9","También para:PS4, Xbox One",Desarrollador:Adhesive Games,"Género:Acción, Primera persona (FPS) (Ciencia ficción)",Jugadores:Multijugador (Cooperativo: Sí),Lanzamiento:12 de diciembre de 2012 (Pegi: +12)
Nombre:Europa Universalis,Popularidad:Escasa,"Valoración:8,6",Desarrollador:Paradox Interactive,"Género:Estrategia, Turnos (Histórico)",Lanzamiento:22 de junio de 2001
Nombre:Gooblins,Popularidad:Escasa,"Valoración:5,0",Desarrollador:Deform Studio,"Género:Acción, Shooter, Realidad Virtual (Ciencia ficción)",Jugadores:1 (Competitivo: Sí (tablas de clasificación)),Lanzamiento:21 de diciembre de 2016
Nombre:Bolt,Popularidad:Escasa,"Valoración:5,8","Precio:19,99€","También para:PS3, Xbox 360, Wii, DS, PS2",Desarrollador:Avalanche Studios,"Género:Acción, Acción y aventura, Plataformas (Superhéroes)",Lanzamiento:Por determinar en España (Pegi: +3)
Nombre:Arc Continuum,Popularidad:Escasa,"Valoración:8,5",Desarrollador:Akimbo Creations,"Género:Acción, Shooter (Ciencia ficción)",Jugadores:Competitivo: Online,Lanzamiento:Por determinar en España
Nombre:One Dog Story,Popularidad:Escasa,Valoración: ,"También para:Mac, Linux",Desarrollador:Big Way Games,"Género:Acción, Plataformas",Jugadores:1,Lanzamiento:28 de abril de 2017
Nombre:Phantom Trigger,Popularidad:Escasa,Valoración: ,"También para:PS4, Xbox One, Nintendo Switch",Desarrollador:Bread Team,"Género:Acción, Acción y aventura",Jugadores:1,Lanzamiento:10 de agosto de 2017 (Pegi: +12)
Nombre:Project Wight,Popularidad:Escasa,"Valoración:8,8",Desarrollador:Outsider Studios,"Género:Acción, Primera persona (FPS), Acción RPG (Histórico)",Lanzamiento:Por determinar en España
Nombre:Speedball 2,Popularidad:Escasa,"Valoración:6,9",Desarrollador:Kylotonn,Género:Deportes (Ciencia ficción),Lanzamiento:18 de abril de 2008 (Pegi: +12)
Nombre:Century Age of Ashes,Popularidad:Escasa,"Valoración:9,2","También para:PS4, PS5, Xbox Series, Xbox One",Desarrollador:Playwing LTD,"Género:Acción, Shooter (Fantasía y Dragones)",Jugadores:1-12 (Competitivo: Online),Lanzamiento:2 de noviembre de 2021
Nombre:Hotel Dead Mountaineer's,Popularidad:Escasa,"Valoración:6,1",Desarrollador:Akella,Género:Aventura (Misterio),Jugadores:1,Lanzamiento:5 de febrero de 2010 (Pegi: +12)
Nombre:Los Últimos Frikis del Mundo y el Báculo del Destino,Popularidad:Escasa,Valoración: ,"También para:PS4, Xbox Series, Xbox One, Nintendo Switch",Desarrollador:Stage Clear Studios,"Género:Acción, Acción y aventura (TV, Dibujos Animados, Monstruos y Zombies)",Jugadores:1-4 (Cooperativo: Local y Online),Lanzamiento:2º trimestre de 2021 (Pegi: +7)
Nombre:The Wild Eternal,Popularidad:Escasa,Valoración: ,Desarrollador:Ilsanjo,Género:Aventura (Fantasía),Jugadores:1,Lanzamiento:Por determinar en España
Nombre:Coffee Pot Terrarium,Popularidad:Escasa,"Valoración:9,0","También para:Mac, Linux",Desarrollador:Brothers Flint,"Género:Otros, Puzle (Abstracto)",Jugadores:1,Lanzamiento:1 de junio de 2016
Nombre:Hotel Barcelona,Popularidad:Escasa,Valoración:10,Desarrollador:Grasshopper,"Género:Acción, Acción y aventura (Policíaco y Thriller y Terror)",Lanzamiento:2021 (Por determinar)
Nombre:Cruz Brothers,Popularidad:Escasa,Valoración: ,"También para:PS4, Mac",Desarrollador:DCF Studios,"Género:Acción, Lucha",Jugadores:1-4 (Competitivo: Local y Online),Lanzamiento:13 de marzo de 2018 (Pegi: +16)
Nombre:Warco,Popularidad:Escasa,"Valoración:5,3",Desarrollador:Defiant Development,"Género:Acción, Primera persona (FPS) (Bélico)",Lanzamiento:Por determinar en España
Nombre:N++,Popularidad:Escasa,"Valoración:8,8","También para:PS4, Xbox One, Mac",Desarrollador:Metanet Software,"Género:Acción, Plataformas (Abstracto)","Jugadores:1-4 (Competitivo: Sí, local / Cooperativo: Sí, local)",Lanzamiento:25 de agosto de 2016 (Pegi: +7)
Nombre:Monster Madness,Popularidad:Escasa,"Valoración:6,8",También para:Xbox 360,Desarrollador:Artificial Studios,"Género:Acción, Shooter (Moderno)",Lanzamiento:15 de junio de 2007 (Pegi: +12)
Nombre:MechWarrior Online,Popularidad:Escasa,"Valoración:8,9",Desarrollador:Piranha Games,Género:Acción (Ciencia ficción),Lanzamiento:17 de septiembre de 2013
Nombre:SNK Heroines: Tag Team Frenzy,Popularidad:Escasa,"Valoración:7,0","También para:PS4, Nintendo Switch",Desarrollador:SNK Playmore,"Género:Acción, Lucha (Manga)",Lanzamiento:21 de febrero de 2019
Nombre:Fray,Popularidad:Escasa,"Valoración:7,3",También para:Mac,Desarrollador:Brain Candy,"Género:Estrategia, Tiempo real (Ciencia ficción)",Lanzamiento:Por determinar en España
Nombre:Return of the Obra Dinn,Popularidad:Escasa,"Valoración:7,4","También para:PS4, Xbox One, Nintendo Switch",Desarrollador:3909,"Género:Aventura, Aventura interactiva (Piratas, Policíaco y Thriller y Misterio)",Jugadores:1,Lanzamiento:18 de octubre de 2018
Nombre:Cryamore,Popularidad:Escasa,"Valoración:8,5","También para:PS3, Xbox 360, Wii U, Mac, Android, iOS",Desarrollador:NostalgiCO,"Género:Rol, Acción RPG (Fantasía)",Lanzamiento:Por determinar en España
Nombre:Alwa's Awakening,Popularidad:Escasa,Valoración: ,"También para:PS4, Nintendo Switch, Mac, Linux",Desarrollador:Elden Pixels,Género:Acción (Fantasía),Jugadores:1,Lanzamiento:2 de febrero de 2017
Nombre:RoboBlitz,Popularidad:Escasa,"Valoración:6,4",También para:Xbox 360,Desarrollador:Naked Sky,"Género:Acción, Shooter",Lanzamiento:Diciembre de 2006
Nombre:Revolution 25th Anniversary,Popularidad:Escasa,Valoración:10,Desarrollador:Revolution Software,Género:Aventura (Misterio y Humor),Jugadores:1,Lanzamiento:18 de marzo de 2016 (Pegi: +16)
Nombre:Swords and Soldiers 2 Shawarmageddon,Popularidad:Escasa,Valoración: ,"También para:PS4, Nintendo Switch",Desarrollador:Ronimo Games,"Género:Estrategia, Tiempo real (Vikingos)",Jugadores:1-2 (Competitivo: Sí (local y online)),Lanzamiento:6 de noviembre de 2018 (Pegi: +12)
Nombre:Minotaur (2017),Popularidad:Escasa,"Valoración:2,5",También para:Mac,Desarrollador:U7 Committee,Género:Aventura (Misterio y Ciencia ficción),Jugadores:1,Lanzamiento:4º trimestre de 2017
Nombre:Brawlout,Popularidad:Escasa,"Valoración:7,9","También para:PS4, Xbox One, Nintendo Switch",Desarrollador:Angry Mob Studios,"Género:Acción, Lucha (Animales y Superhéroes)","Jugadores:1-4 (Competitivo: Sí, local y online / Cooperativo: Sí, local y online)",Lanzamiento:21 de agosto de 2018 (Pegi: +12)
Nombre:Knockout City,Popularidad:Escasa,"Valoración:7,3","También para:PS4, PS5, Xbox Series, Xbox One, Nintendo Switch",Desarrollador:Velan Studios,Género:Deportes,Jugadores:1-8,Lanzamiento:21 de mayo de 2021 (Pegi: +12)
Nombre:Kung Fu Panda: Confrontación,Popularidad:Escasa,"Valoración:8,3","También para:PS4, Xbox One, 3DS, PS3, Xbox 360, Wii U",Desarrollador:Vicious Cycle,"Género:Acción, Lucha (Fantasía)",Lanzamiento:27 de noviembre de 2015 (Pegi: +7)
Nombre:Tango Fiesta,Popularidad:Escasa,"Valoración:6,0","También para:Mac, Linux",Desarrollador:Spilt Milk Studios,"Género:Acción, Shooter (Bélico)",Jugadores:1-4 (Cooperativo: 2-4),Lanzamiento:24 de septiembre de 2015
Nombre:Hunt: The Unknown Quarry,Popularidad:Escasa,"Valoración:7,0","También para:Mac, Linux",Desarrollador:Quicksilver Software,"Género:Estrategia, Cartas (Moderno)",Jugadores:1-6 (Competitivo: Online),Lanzamiento:30 de enero de 2017
Nombre:Replay - VHS is not dead,Popularidad:Escasa,"Valoración:9,5","También para:PS4, Xbox One, Wii U, Mac, Linux",Desarrollador:Neko Entertainment,"Género:Otros, Plataformas, Puzle (Ciencia ficción)",Lanzamiento:9 de julio de 2015
Nombre:Universalis: Crown of the North,Popularidad:Escasa,Valoración:10,Desarrollador:Paradox Interactive,"Género:Estrategia, Turnos (Histórico)",Lanzamiento:19 de septiembre de 2003
Nombre:Cradle,Popularidad:Escasa,"Valoración:9,3",También para:Linux,Desarrollador:Flying Cafe for Semianimals,"Género:Aventura, Puzle (Ciencia ficción)",Jugadores:1,Lanzamiento:24 de julio de 2015
Nombre:Forged Battalion,Popularidad:Escasa,"Valoración:9,5",Desarrollador:Petroglyph,"Género:Estrategia, Tiempo real (Ciencia ficción)",Jugadores:1-8 (Competitivo: Online),Lanzamiento:16 de enero de 2018Juego con acceso anticipado
Nombre:Weeping Doll,Popularidad:Escasa,Valoración: ,También para:PS4,Desarrollador:Oasis Games,"Género:Aventura, Realidad Virtual (Terror)",Jugadores:1,Lanzamiento:Por determinar en España
Nombre:Field Ops,Popularidad:Escasa,"Valoración:6,4",Desarrollador:Digital Extremes,"Género:Estrategia, Tiempo real (Bélico)",Lanzamiento:3º trimestre de 2007
Nombre:Creature Conflict: The Clan Wars,Popularidad:Escasa,"Valoración:6,7",Desarrollador:Robot Entertainment,"Género:Estrategia, Turnos",Lanzamiento:Por determinar en España
Nombre:Heartbound,Popularidad:Escasa,"Valoración:8,0","También para:Mac, Linux",Desarrollador:Pirate Software,Género:Rol (Retro y Ciencia ficción),Jugadores:1,Lanzamiento:Por determinar en España
Nombre:Sprint Vector,Popularidad:Escasa,Valoración: ,También para:PS4,Desarrollador:Survios,"Género:Acción, Plataformas, Realidad Virtual, Runner",Jugadores:1 (Multijugador) (Competitivo: Online),Lanzamiento:8 de febrero de 2018
Nombre:Forza Motorsport (2022),Popularidad:Escasa,"Valoración:8,1",También para:Xbox Series,Desarrollador:Turn 10,"Género:Conducción, GT, Rally / Cross, Fórmula 1 (Moderno)",Lanzamiento:2º trimestre de 2023
Nombre:Bloody Boobs,Popularidad:Escasa,"Valoración:4,6",Desarrollador:Eduard Bulashov,"Género:Acción, Acción táctica (Terror)",Jugadores:Competitivo: Online / Cooperativo: Online,Lanzamiento:20 de enero de 2017
Nombre:Darkstone,Popularidad:Escasa,"Valoración:9,8","También para:Android, iOS, PS1",Desarrollador:Delphine Software,"Género:Rol, Acción RPG (Fantasía)",Jugadores:1,Lanzamiento:17 de septiembre de 1999 (Pegi: +12)
Nombre:Bladestorm: Nightmare,Popularidad:Escasa,"Valoración:8,2","También para:PS4, Xbox One, PS3",Desarrollador:Koei,"Género:Acción, Hack and Slash (Fantasía)",Jugadores:1-2 (Cooperativo: Sí (online)),Lanzamiento:28 de mayo de 2015 (Pegi: +12)
Nombre:Fireburst,Popularidad:Escasa,"Valoración:6,3","También para:PS3, Xbox 360",Desarrollador:Black Inc.,"Género:Conducción, Rally / Cross, Arcade",Lanzamiento:2011 (Por determinar) (Pegi: +12)
Nombre:Serial Cleaners,Popularidad:Escasa,"Valoración:9,0","También para:PS4, Xbox One, Nintendo Switch",Desarrollador:Draw Distance,Género:Otros (Policíaco y Thriller),Lanzamiento:22 de septiembre de 2022
Nombre:Total War: Warhammer - Hombres Bestia,Popularidad:Escasa,"Valoración:6,2","También para:Mac, Linux",Desarrollador:Creative Assembly,"Género:Estrategia, Tiempo real, Turnos (Fantasía)","Jugadores:1-8 (Competitivo: Si, online / Cooperativo: Si, online)",Lanzamiento:28 de julio de 2016 (Pegi: +16)
Nombre:AFL Evolution,Popularidad:Escasa,Valoración: ,"También para:PS4, Xbox One",Desarrollador:Wicked Witch Software,Género:Deportes,Jugadores:1-8 (Competitivo: Local (4) / Online (8) / Cooperativo: Local y Online),Lanzamiento:5 de mayo de 2017 (Pegi: +3)
Nombre:RUSE: The Chimera Pack,Popularidad:Escasa,"Valoración:7,4","También para:PS3, Xbox 360",Desarrollador:UbiSoft,"Género:Estrategia, Tiempo real (Bélico)",Jugadores:1-4 (Competitivo: 2-4 / Cooperativo: 1-3),Lanzamiento:19 de enero de 2011 (Pegi: +16)
Nombre:Jekyll & Hyde,Popularidad:Escasa,"Valoración:7,4","Precio:19,99€",Desarrollador:Pixelcage,Género:Aventura (Misterio y Fantasía),Jugadores:1,Lanzamiento:20 de abril de 2011 (Pegi: +12)
Nombre:Quake Live,Popularidad:Escasa,"Valoración:8,1",Desarrollador:id Software,"Género:Acción, Shooter",Lanzamiento:10 de agosto de 2010
Nombre:Bullet Soul,Popularidad:Escasa,Valoración: ,También para:Xbox 360,Desarrollador:MAGES.INC.,"Género:Acción, Shoot'Em Up (Ciencia ficción)",Jugadores:1-2 (Cooperativo: Local),Lanzamiento:7 de abril de 2017
Nombre:Hearthstone: Montaña Roca Negra,Popularidad:Escasa,"Valoración:9,2","También para:Mac, Android, iOS",Desarrollador:Blizzard,"Género:Estrategia, Cartas (Fantasía)",Jugadores:1-2 (Competitivo: 2),Lanzamiento:3 de abril de 2015 (Pegi: +12)
Nombre:Due Process,Popularidad:Escasa,"Valoración:8,0",También para:Mac,Desarrollador:Giant Enemy Crab,"Género:Acción, Acción táctica, Primera persona (FPS), Shooter (Paramilitares y mercenarios y Soldados y Fuerzas Especiales)",Jugadores:Competitivo: Online / Cooperativo: Online,Lanzamiento:3 de noviembre de 2020Juego con acceso anticipado
Nombre:Star Wars de Visceral Games (Nombre Temporal),Popularidad:Escasa,"Valoración:9,5","También para:PS4, Xbox One",Desarrollador:Visceral Games,Género:Aventura (Ciencia ficción y Ciencia ficción),Lanzamiento:Cancelado
Nombre:Silverfall: Earth Awakening,Popularidad:Escasa,"Valoración:5,7",Desarrollador:Montecristo Multimedia,"Género:Rol, Acción RPG (Fantasía)",Lanzamiento:21 de febrero de 2008 (Pegi: +16)
Nombre:Atomic Heist,Popularidad:Escasa,"Valoración:3,0",También para:Xbox One,Desarrollador:Live Aliens,"Género:Acción, Shooter (Ciencia ficción y Espacial)",Jugadores:1,Lanzamiento:20 de abril de 2018 (Pegi: +7)
Nombre:Conspiracy: Weapons of Mass Destruction,Popularidad:Escasa,"Valoración:6,7",Desarrollador:Robot Entertainment,"Género:Acción, Primera persona (FPS), Shooter (Moderno)",Lanzamiento:23 de marzo de 2005
Nombre:Last Will,Popularidad:Escasa,Valoración: ,"También para:Mac, Linux",Desarrollador:Lizard Factory,"Género:Aventura, Puzle (Misterio)",Jugadores:1.4 (Cooperativo: Online),Lanzamiento:29 de agosto de 2016
Nombre:Dreamkiller,Popularidad:Escasa,"Valoración:6,1",También para:Xbox 360,Desarrollador:Mindware Studios,Género:Acción,Lanzamiento:3º cuarto de 2009
Nombre:Street Fighter X MegaMan,Popularidad:Escasa,"Valoración:9,1",Desarrollador:Capcom,"Género:Acción, Lucha (Superhéroes)",Lanzamiento:17 de diciembre de 2012 (Pegi: +3)
Nombre:Knytt Underground,Popularidad:Escasa,"Valoración:6,2","También para:PS3, Wii U, Vita, Mac, Linux",Desarrollador:Nifflas' Games,"Género:Acción, Plataformas (Fantasía)",Jugadores:1,Lanzamiento:25 de octubre de 2012 (Pegi: +16)
Nombre:Terraforming Mars,Popularidad:Escasa,"Valoración:8,5","También para:Android, iOS",Desarrollador:Luckyhammers,"Género:Estrategia, Turnos (Ciencia ficción y Espacial)",Jugadores:1-5 (Competitivo: Local y Online),Lanzamiento:17 de octubre de 2018 (Pegi: +3)
Nombre:Baba Is You,Popularidad:Escasa,"Valoración:6,2","También para:Nintendo Switch, Mac, Linux",Desarrollador:Hempuli Oy,"Género:Otros, Puzle (Abstracto)",Jugadores:1,Lanzamiento:13 de marzo de 2019 (Pegi: +7)
Nombre:Yuppie Psycho,Popularidad:Escasa,"Valoración:7,9","También para:PS4, Nintendo Switch, Mac, Linux",Desarrollador:Baroque Decay,"Género:Acción, Acción y aventura, Survival horror (Policíaco y Thriller, Terror y Misterio)",Jugadores:1,Lanzamiento:25 de abril de 2019
Nombre:Action Henk,Popularidad:Escasa,"Valoración:8,7","También para:PS4, Xbox One, PS3, Wii U, Vita, Mac, Linux",Desarrollador:RageSquid,"Género:Acción, Plataformas (Humor)","Jugadores:1-4 (Competitivo: Sí, local)",Lanzamiento:11 de mayo de 2015
Nombre:Savage,Popularidad:Escasa,"Valoración:6,6",Desarrollador:S2 Games,"Género:Acción, Primera persona (FPS), Shooter (Fantasía)",Lanzamiento:Por determinar en España (Pegi: +12)
Nombre:Death In Candlewood,Popularidad:Escasa,"Valoración:8,9",Desarrollador:Rosebud Games,"Género:Acción, Primera persona (FPS), Acción y aventura (Terror)",Lanzamiento:Cancelado
Nombre:Infinity Strash – Dragon Quest: The Adventure of Dai,Popularidad:Escasa,"Valoración:6,8","También para:PS4, Nintendo Switch",Desarrollador:Square Enix,"Género:Rol, Acción RPG (Fantasía y Manga)",Lanzamiento:2021 (Por determinar)
Nombre:Core Games,Popularidad:Escasa,Valoración: ,Desarrollador:Manticore Games,Género:Otros,Lanzamiento:15 de abril de 2021
Nombre:Western Press,Popularidad:Escasa,Valoración:10,"También para:Xbox One, Mac",Desarrollador:Bandit-1,"Género:Otros, Shooter, Minijuegos (Histórico y Western)",Jugadores:1-16 (Competitivo: Local y Online),Lanzamiento:21 de abril de 2016
Nombre:Inner City Kids,Popularidad:Escasa,"Valoración:8,0",También para:Vita,Desarrollador:Jamo Games,"Género:Estrategia, Turnos (Ciencia ficción)",Lanzamiento:2º trimestre de 2015
Nombre:Histwar: Les Grognards,Popularidad:Escasa,"Valoración:7,0",Desarrollador:Robot Entertainment,"Género:Estrategia, Tiempo real (Histórico)","Jugadores:1, 8 Online",Lanzamiento:2009 (Por determinar)
Nombre:Dragon Ball Fighter Z,Popularidad:Escasa,"Valoración:8,8","También para:PS4, PS5, Xbox Series, Xbox One, Nintendo Switch",Desarrollador:Arc System Works,"Género:Acción, Lucha (Anime, Manga y TV)",Jugadores:1-6 (2 local - 6 online) (Competitivo: Sí / Cooperativo: Sí),Lanzamiento:26 de enero de 2018 (Pegi: +12)1 de febrero de 2017 (en japón)
Nombre:Gundam Evolution,Popularidad:Escasa,Valoración:10,"También para:PS4, PS5, Xbox Series, Xbox One",Desarrollador:Bandai Namco,"Género:Acción, Primera persona (FPS) (Mechas y Robots y Anime)",Jugadores:1-12 (Competitivo: Online),Lanzamiento:Por determinar en España
Nombre:Sansar,Popularidad:Escasa,"Valoración:9,2",Desarrollador:Linden Research,"Género:Otros, Realidad Virtual (Fantasía)",Lanzamiento:1º trimestre de 2017
Nombre:Aegis Defenders,Popularidad:Escasa,"Valoración:9,2","También para:PS4, Nintendo Switch, Mac, Linux",Desarrollador:GUTS Department,"Género:Acción, Shooter, Plataformas (Fantasía)",Jugadores:1-2 (Cooperativo: Sí),Lanzamiento:8 de febrero de 2018
Nombre:Mass Effect: Pinnacle Station,Popularidad:Escasa,"Valoración:5,2",También para:Xbox 360,Desarrollador:BioWare,"Género:Rol, Acción RPG (Ciencia ficción y Espacial)",Jugadores:1,Lanzamiento:25 de agosto de 2009 (Pegi: +18)
Nombre:Karos Online,Popularidad:Escasa,"Valoración:6,7",Desarrollador:Galaxy Gate,"Género:Rol, Multijugador Online Masivo (Fantasía)",Lanzamiento:Por determinar en España
Nombre:Aurion: Legacy of the Kori-Odan,Popularidad:Escasa,Valoración: ,Desarrollador:Kiro'o Games,"Género:Rol, Acción RPG (Fantasía)",Jugadores:1,Lanzamiento:14 de abril de 2016
Nombre:Frozen Synapse 2,Popularidad:Escasa,"Valoración:8,0","También para:Mac, Linux",Desarrollador:Mode 7,"Género:Estrategia, Turnos (Ciencia ficción)",Jugadores:1 (Competitivo: Sí),Lanzamiento:2018 (Por determinar)
Nombre:Titan Siege,Popularidad:Escasa,"Valoración:4,0",También para:Mac,Desarrollador:Gamesco,"Género:Rol, Multijugador Online Masivo, Sin cuotas (Fantasía)",Jugadores:Masivo Online,Lanzamiento:2016 (Por determinar)
Nombre:Swarm,Popularidad:Escasa,"Valoración:7,8","También para:PS3, Xbox 360",Desarrollador:Hothead Games,"Género:Otros, Puzle (Humor)",Jugadores:1,Lanzamiento:2011 (Por determinar) (Pegi: +12)
Nombre:Prey (2017),Popularidad:Escasa,"Valoración:8,9","Precio:19,99€","También para:PS4, Xbox One",Desarrollador:Arkane Studios,"Género:Acción, Primera persona (FPS), Acción y aventura (Ciencia ficción, Aliens y Espacial)",Jugadores:1,Lanzamiento:5 de mayo de 2017 (Pegi: +18)
Nombre:Aegis of Earth,Popularidad:Escasa,"Valoración:5,0","También para:PS4, PS3, Vita",Desarrollador:PQube,"Género:Estrategia, Turnos (Ciencia ficción)",Jugadores:1,Lanzamiento:19 de julio de 2016
Nombre:The Church in the Darkness,Popularidad:Escasa,"Valoración:8,0","También para:PS4, Xbox One, Nintendo Switch, Mac",Desarrollador:Paranoid Productions,"Género:Acción, Acción y aventura (Moderno)",Jugadores:1,Lanzamiento:2 de agosto de 2019
Nombre:Marine Sharpshooter 2,Popularidad:Escasa,"Valoración:6,7",Desarrollador:Robot Entertainment,"Género:Acción, Primera persona (FPS), Shooter (Moderno)",Lanzamiento:Por determinar en España
Nombre:Choplifter HD,Popularidad:Escasa,"Valoración:7,6","También para:PS3, Xbox 360",Desarrollador:inXile entertainment,"Género:Acción, Shooter (Bélico)",Jugadores:1,Lanzamiento:10 de enero de 2012 (Pegi: +16)
Nombre:Dyad,Popularidad:Escasa,"Valoración:8,7","También para:PS3, Mac",Desarrollador:Right Square Bracket,"Género:Conducción, Arcade (Abstracto)",Lanzamiento:24 de abril de 2013 (Pegi: +3)
Nombre:Scorn,Popularidad:Escasa,"Valoración:8,8",También para:Xbox Series,Desarrollador:Ebb Software,"Género:Acción, Acción y aventura, Primera persona (FPS) (Ciencia ficción y Terror)",Jugadores:1,Lanzamiento:21 de octubre de 2022
Nombre:Tactical Intervention,Popularidad:Escasa,"Valoración:7,4",Desarrollador:FIX Korea,"Género:Acción, Primera persona (FPS) (Moderno)",Jugadores:Masivo Online,Lanzamiento:2012 (Por determinar)
Nombre:Fox n Forests,Popularidad:Escasa,"Valoración:6,0","También para:PS4, Xbox One, Nintendo Switch, Mac, Linux",Desarrollador:Bonus Level Entertainment,"Género:Acción, Plataformas (Animales y Retro)",Jugadores:1,Lanzamiento:17 de mayo de 2018
Nombre:The Shattering,Popularidad:Escasa,"Valoración:7,5",Desarrollador:SuperSexySoftware,Género:Aventura (Terror),Jugadores:1,Lanzamiento:4º trimestre de 2019
Nombre:18 Floors,Popularidad:Escasa,Valoración: ,También para:PS4,Desarrollador:Aoga Tech,"Género:Otros, Puzle, Realidad Virtual",Jugadores:1,Lanzamiento:4 de julio de 2018 (Pegi: +7)
