"nombreE,rating"
Street Fighter V (Champion Edition) Steam Key GLOBAL,4.64
Total War: Warhammer Steam Key GLOBAL,4.33
Outer Wilds (PC) Steam Key GLOBAL,4.73
Outer Wilds (PC) Steam Key GLOBAL,4.73
The Ascent CÃ³digo de Steam GLOBAL,4.08
TEKKEN 7 - Definitive Edition (PC) Steam Key GLOBAL,4.06
EARTH DEFENSE FORCE 5 Steam Key GLOBAL,5.00
VTOL VR Steam Key GLOBAL,5.00
Gunfire Reborn Steam Key GLOBAL,4.43
Gunfire Reborn Steam Key GLOBAL,4.43
Warhammer: Vermintide 2 - Collector's Edition Steam Key GLOBAL,4.41
Dead Rising 3 (Apocalypse Edition) (uncut) Steam Key GLOBAL,4.50
Guilty Gear XX Accent Core Plus R Steam Key GLOBAL,4.87
Dead Island (Definitive Collection) Steam Key GLOBAL,4.66
Dead Island (Definitive Collection) Steam Key GLOBAL,4.66
Dead Island (Definitive Collection) Steam Key GLOBAL,4.66
Saints Row The Third Remastered Steam Key GLOBAL,4.50
Saints Row The Third Remastered Steam Key GLOBAL,4.50
Fallout 4 [VR] Steam Key GLOBAL,4.15
Resident Evil 5 (Gold Edition) Steam Key GLOBAL,4.63
Remnant: From the Ashes Steam Key GLOBAL,4.42
Exanima (PC) Steam Key GLOBAL,4.44
Yakuza 0 Steam Key GLOBAL,4.80
Sword Art Online: Hollow Realization (Deluxe Edition) Steam Key GLOBAL,4.38
Final Fantasy XV (Windows Edition) Steam Key GLOBAL,4.48
Digimon Story Cyber Sleuth (Complete Edition) Steam Key GLOBAL,4.67
Fallout 76 Steam Key GLOBAL,4.25
Outward Definitive Edition (PC) Steam Key GLOBAL,4.00
One Piece: World Seeker Steam Key GLOBAL,4.21
Code Vein (Deluxe Edition) Steam Key GLOBAL,4.64
Code Vein (Deluxe Edition) Steam Key GLOBAL,4.64
Rising Storm 2: Vietnam Clave Steam GLOBAL,4.40
Last Oasis Steam Key GLOBAL,4.15
Resident Evil 2 / Biohazard RE:2 (Deluxe Edition) Steam Key GLOBAL,4.93
Pillars of Eternity (Definitive Edition) Steam Key GLOBAL,4.65
Mortal Kombat (Komplete Edition) Steam Key GLOBAL,3.95
Nier: Automata Steam Key GLOBAL,4.79
